Bulbasaur,Gen1/poke_icon_0001_000_mf_n_00000000_f_n.png,1.png
Ivysaur,Gen1/poke_icon_0002_000_mf_n_00000000_f_n.png,2.png
Venusaur ♀,Gen1/poke_icon_0003_000_fd_n_00000000_f_n.png,3_female.png
Venusaur ♂,Gen1/poke_icon_0003_000_md_n_00000000_f_n.png,3_male.png
Charmander,Gen1/poke_icon_0004_000_mf_n_00000000_f_n.png,4.png
Charmeleon,Gen1/poke_icon_0005_000_mf_n_00000000_f_n.png,5.png
Charizard,Gen1/poke_icon_0006_000_mf_n_00000000_f_n.png,6.png
Squirtle,Gen1/poke_icon_0007_000_mf_n_00000000_f_n.png,7.png
Wartortle,Gen1/poke_icon_0008_000_mf_n_00000000_f_n.png,8.png
Blastoise,Gen1/poke_icon_0009_000_mf_n_00000000_f_n.png,9.png
Caterpie,Gen1/poke_icon_0010_000_mf_n_00000000_f_n.png,10.png
Metapod,Gen1/poke_icon_0011_000_mf_n_00000000_f_n.png,11.png
Butterfree ♀,Gen1/poke_icon_0012_000_fd_n_00000000_f_n.png,12_female.png
Butterfree ♂,Gen1/poke_icon_0012_000_md_n_00000000_f_n.png,12_male.png
Weedle,Gen1/poke_icon_0013_000_mf_n_00000000_f_n.png,13.png
Kakuna,Gen1/poke_icon_0014_000_mf_n_00000000_f_n.png,14.png
Beedrill,Gen1/poke_icon_0015_000_mf_n_00000000_f_n.png,15.png
Pidgey,Gen1/poke_icon_0016_000_mf_n_00000000_f_n.png,16.png
Pidgeotto,Gen1/poke_icon_0017_000_mf_n_00000000_f_n.png,17.png
Pidgeot,Gen1/poke_icon_0018_000_mf_n_00000000_f_n.png,18.png
Rattata ♀,Gen1/poke_icon_0019_000_fd_n_00000000_f_n.png,19_female.png
Rattata ♂,Gen1/poke_icon_0019_000_md_n_00000000_f_n.png,19_male.png
Alolan Rattata,Gen1/poke_icon_0019_001_mf_n_00000000_f_n.png,19_alolan.png
Raticate ♀,Gen1/poke_icon_0020_000_fd_n_00000000_f_n.png,20_female.png
Raticate ♂,Gen1/poke_icon_0020_000_md_n_00000000_f_n.png,20_male.png
Alolan Raticate,Gen1/poke_icon_0020_001_mf_n_00000000_f_n.png,20_alolan.png
Spearow,Gen1/poke_icon_0021_000_mf_n_00000000_f_n.png,21.png
Fearow,Gen1/poke_icon_0022_000_mf_n_00000000_f_n.png,22.png
Ekans,Gen1/poke_icon_0023_000_mf_n_00000000_f_n.png,23.png
Arbok,Gen1/poke_icon_0024_000_mf_n_00000000_f_n.png,24.png
Pikachu ♀,Gen1/poke_icon_0025_000_fd_n_00000000_f_n.png,25_female.png
Pikachu ♂,Gen1/poke_icon_0025_000_md_n_00000000_f_n.png,25_male.png
Pikachu Original Cap,Gen1/poke_icon_0025_001_mo_n_00000000_f_n.png,25_original_cap.png
Pikachu Hoenn Cap,Gen1/poke_icon_0025_002_mo_n_00000000_f_n.png,25_hoenn_cap.png
Pikachu Sinnoh Cap,Gen1/poke_icon_0025_003_mo_n_00000000_f_n.png,25_sinnoh_cap.png
Pikachu Unova Cap,Gen1/poke_icon_0025_004_mo_n_00000000_f_n.png,25_unova_cap.png
Pikachu Kalos Cap,Gen1/poke_icon_0025_005_mo_n_00000000_f_n.png,25_kalos_cap.png
Pikachu Alola Cap,Gen1/poke_icon_0025_006_mo_n_00000000_f_n.png,25_alola_cap.png
Pikachu Partner Cap,Gen1/poke_icon_0025_007_mo_n_00000000_f_n.png,25_partner_cap.png
Pikachu World Cap,Gen1/poke_icon_0025_009_mo_n_00000000_f_n.png,25_world_cap.png
Raichu ♀,Gen1/poke_icon_0026_000_fd_n_00000000_f_n.png,26_female.png
Raichu ♂,Gen1/poke_icon_0026_000_md_n_00000000_f_n.png,26_male.png
Alolan Raichu,Gen1/poke_icon_0026_001_mf_n_00000000_f_n.png,26_alolan.png
Sandshrew,Gen1/poke_icon_0027_000_mf_n_00000000_f_n.png,27.png
Alolan Sandshrew,Gen1/poke_icon_0027_001_mf_n_00000000_f_n.png,27_alolan.png
Sandslash,Gen1/poke_icon_0028_000_mf_n_00000000_f_n.png,28.png
Alolan Sandslash,Gen1/poke_icon_0028_001_mf_n_00000000_f_n.png,28_alolan.png
Nidoran ♀,Gen1/poke_icon_0029_000_fo_n_00000000_f_n.png,29.png
Nidorina,Gen1/poke_icon_0030_000_fo_n_00000000_f_n.png,30.png
Nidoqueen,Gen1/poke_icon_0031_000_fo_n_00000000_f_n.png,31.png
Nidoran ♂,Gen1/poke_icon_0032_000_mo_n_00000000_f_n.png,32.png
Nidorino,Gen1/poke_icon_0033_000_mo_n_00000000_f_n.png,33.png
Nidoking,Gen1/poke_icon_0034_000_mo_n_00000000_f_n.png,34.png
Clefairy,Gen1/poke_icon_0035_000_mf_n_00000000_f_n.png,35.png
Clefable,Gen1/poke_icon_0036_000_mf_n_00000000_f_n.png,36.png
Vulpix,Gen1/poke_icon_0037_000_mf_n_00000000_f_n.png,37.png
Alolan Vulpix,Gen1/poke_icon_0037_001_mf_n_00000000_f_n.png,37_alolan.png
Ninetales,Gen1/poke_icon_0038_000_mf_n_00000000_f_n.png,38.png
Alolan Ninetales,Gen1/poke_icon_0038_001_mf_n_00000000_f_n.png,38_alolan.png
Jigglypuff,Gen1/poke_icon_0039_000_mf_n_00000000_f_n.png,39.png
Wigglytuff,Gen1/poke_icon_0040_000_mf_n_00000000_f_n.png,40.png
Zubat ♀,Gen1/poke_icon_0041_000_fd_n_00000000_f_n.png,41_female.png
Zubat ♂,Gen1/poke_icon_0041_000_md_n_00000000_f_n.png,41_male.png
Golbat ♀,Gen1/poke_icon_0042_000_fd_n_00000000_f_n.png,42_female.png
Golbat ♂,Gen1/poke_icon_0042_000_md_n_00000000_f_n.png,42_male.png
Oddish,Gen1/poke_icon_0043_000_mf_n_00000000_f_n.png,43.png
Gloom ♀,Gen1/poke_icon_0044_000_fd_n_00000000_f_n.png,44_female.png
Gloom ♂,Gen1/poke_icon_0044_000_md_n_00000000_f_n.png,44_male.png
Vileplume ♀,Gen1/poke_icon_0045_000_fd_n_00000000_f_n.png,45_female.png
Vileplume ♂,Gen1/poke_icon_0045_000_md_n_00000000_f_n.png,45_male.png
Paras,Gen1/poke_icon_0046_000_mf_n_00000000_f_n.png,46.png
Parasect,Gen1/poke_icon_0047_000_mf_n_00000000_f_n.png,47.png
Venonat,Gen1/poke_icon_0048_000_mf_n_00000000_f_n.png,48.png
Venomoth,Gen1/poke_icon_0049_000_mf_n_00000000_f_n.png,49.png
Diglett,Gen1/poke_icon_0050_000_mf_n_00000000_f_n.png,50.png
Alolan Diglett,Gen1/poke_icon_0050_001_mf_n_00000000_f_n.png,50_alolan.png
Dugtrio,Gen1/poke_icon_0051_000_mf_n_00000000_f_n.png,51.png
Alolan Dugtrio,Gen1/poke_icon_0051_001_mf_n_00000000_f_n.png,51_alolan.png
Meowth,Gen1/poke_icon_0052_000_mf_n_00000000_f_n.png,52.png
Alolan Meowth,Gen1/poke_icon_0052_001_mf_n_00000000_f_n.png,52_alolan.png
Galarian Meowth,Gen1/poke_icon_0052_002_mf_n_00000000_f_n.png,52_galarian.png
Persian,Gen1/poke_icon_0053_000_mf_n_00000000_f_n.png,53.png
Alolan Persian,Gen1/poke_icon_0053_001_mf_n_00000000_f_n.png,53_alolan.png
Psyduck,Gen1/poke_icon_0054_000_mf_n_00000000_f_n.png,54.png
Golduck,Gen1/poke_icon_0055_000_mf_n_00000000_f_n.png,55.png
Mankey,Gen1/poke_icon_0056_000_mf_n_00000000_f_n.png,56.png
Primeape,Gen1/poke_icon_0057_000_mf_n_00000000_f_n.png,57.png
Growlithe,Gen1/poke_icon_0058_000_mf_n_00000000_f_n.png,58.png
Hisuian Growlithe,Gen1/poke_icon_0058_001_mf_n_00000000_f_n.png,58_hisuian.png
Arcanine,Gen1/poke_icon_0059_000_mf_n_00000000_f_n.png,59.png
Hisuian Arcanine,Gen1/poke_icon_0059_001_mf_n_00000000_f_n.png,59_hisuian.png
Poliwag,Gen1/poke_icon_0060_000_mf_n_00000000_f_n.png,60.png
Poliwhirl,Gen1/poke_icon_0061_000_mf_n_00000000_f_n.png,61.png
Poliwrath,Gen1/poke_icon_0062_000_mf_n_00000000_f_n.png,62.png
Abra,Gen1/poke_icon_0063_000_mf_n_00000000_f_n.png,63.png
Kadabra ♀,Gen1/poke_icon_0064_000_fd_n_00000000_f_n.png,64_female.png
Kadabra ♂,Gen1/poke_icon_0064_000_md_n_00000000_f_n.png,64_male.png
Alakazam ♀,Gen1/poke_icon_0065_000_fd_n_00000000_f_n.png,65_female.png
Alakazam ♂,Gen1/poke_icon_0065_000_md_n_00000000_f_n.png,65_male.png
Machop,Gen1/poke_icon_0066_000_mf_n_00000000_f_n.png,66.png
Machoke,Gen1/poke_icon_0067_000_mf_n_00000000_f_n.png,67.png
Machamp,Gen1/poke_icon_0068_000_mf_n_00000000_f_n.png,68.png
Bellsprout,Gen1/poke_icon_0069_000_mf_n_00000000_f_n.png,69.png
Weepinbell,Gen1/poke_icon_0070_000_mf_n_00000000_f_n.png,70.png
Victrebel,Gen1/poke_icon_0071_000_mf_n_00000000_f_n.png,71.png
Tentacool,Gen1/poke_icon_0072_000_mf_n_00000000_f_n.png,72.png
Tentacruel,Gen1/poke_icon_0073_000_mf_n_00000000_f_n.png,73.png
Geodude,Gen1/poke_icon_0074_000_mf_n_00000000_f_n.png,74.png
Alolan Geodude,Gen1/poke_icon_0074_001_mf_n_00000000_f_n.png,74_alolan.png
Graveler,Gen1/poke_icon_0075_000_mf_n_00000000_f_n.png,75.png
Alolan Graveler,Gen1/poke_icon_0075_001_mf_n_00000000_f_n.png,75_alolan.png
Golem,Gen1/poke_icon_0076_000_mf_n_00000000_f_n.png,76.png
Alolan Golem,Gen1/poke_icon_0076_001_mf_n_00000000_f_n.png,76_alolan.png
Ponyta,Gen1/poke_icon_0077_000_mf_n_00000000_f_n.png,77.png
Galarian Ponyta,Gen1/poke_icon_0077_001_mf_n_00000000_f_n.png,77_galarian.png
Rapidash,Gen1/poke_icon_0078_000_mf_n_00000000_f_n.png,78.png
Galarian Rapidash,Gen1/poke_icon_0078_001_mf_n_00000000_f_n.png,78_galarian.png
Slowpoke,Gen1/poke_icon_0079_000_mf_n_00000000_f_n.png,79.png
Galarian Slowpoke,Gen1/poke_icon_0079_001_mf_n_00000000_f_n.png,79_galarian.png
Slowbro,Gen1/poke_icon_0080_000_mf_n_00000000_f_n.png,80.png
Galarian Slowbro,Gen1/poke_icon_0080_002_mf_n_00000000_f_n.png,80_galarian.png
Magnemite,Gen1/poke_icon_0081_000_uk_n_00000000_f_n.png,81.png
Magneton,Gen1/poke_icon_0082_000_uk_n_00000000_f_n.png,82.png
Farfetch'd,Gen1/poke_icon_0083_000_mf_n_00000000_f_n.png,83.png
Galarian Farfetch'd,Gen1/poke_icon_0083_001_mf_n_00000000_f_n.png,83_galarian.png
Doduo ♀,Gen1/poke_icon_0084_000_fd_n_00000000_f_n.png,84_female.png
Doduo ♂,Gen1/poke_icon_0084_000_md_n_00000000_f_n.png,84_male.png
Dodrio ♀,Gen1/poke_icon_0085_000_fd_n_00000000_f_n.png,85_female.png
Dodrio ♂,Gen1/poke_icon_0085_000_md_n_00000000_f_n.png,85_male.png
Seel,Gen1/poke_icon_0086_000_mf_n_00000000_f_n.png,86.png
Dewgong,Gen1/poke_icon_0087_000_mf_n_00000000_f_n.png,87.png
Grimer,Gen1/poke_icon_0088_000_mf_n_00000000_f_n.png,88.png
Alolan Grimer,Gen1/poke_icon_0088_001_mf_n_00000000_f_n.png,88_alolan.png
Muk,Gen1/poke_icon_0089_000_mf_n_00000000_f_n.png,89.png
Alolan Muk,Gen1/poke_icon_0089_001_mf_n_00000000_f_n.png,89_alolan.png
Shellder,Gen1/poke_icon_0090_000_mf_n_00000000_f_n.png,90.png
Cloyster,Gen1/poke_icon_0091_000_mf_n_00000000_f_n.png,91.png
Gastly,Gen1/poke_icon_0092_000_mf_n_00000000_f_n.png,92.png
Haunter,Gen1/poke_icon_0093_000_mf_n_00000000_f_n.png,93.png
Gengar,Gen1/poke_icon_0094_000_mf_n_00000000_f_n.png,94.png
Onix,Gen1/poke_icon_0095_000_mf_n_00000000_f_n.png,95.png
Drowzee,Gen1/poke_icon_0096_000_mf_n_00000000_f_n.png,96.png
Hypno ♀,Gen1/poke_icon_0097_000_fd_n_00000000_f_n.png,97_female.png
Hypno ♂,Gen1/poke_icon_0097_000_md_n_00000000_f_n.png,97_male.png
Krabby,Gen1/poke_icon_0098_000_mf_n_00000000_f_n.png,98.png
Kingler,Gen1/poke_icon_0099_000_mf_n_00000000_f_n.png,99.png
Voltorb,Gen1/poke_icon_0100_000_uk_n_00000000_f_n.png,100.png
Hisuian Voltorb,Gen1/poke_icon_0100_001_uk_n_00000000_f_n.png,100_hisuian.png
Electrode,Gen1/poke_icon_0101_000_uk_n_00000000_f_n.png,101.png
Hisuian Electrode,Gen1/poke_icon_0101_001_uk_n_00000000_f_n.png,101_hisuian.png
Exeggcute,Gen1/poke_icon_0102_000_mf_n_00000000_f_n.png,102.png
Exeggcutor,Gen1/poke_icon_0103_000_mf_n_00000000_f_n.png,103.png
Alolan Exeggcutor,Gen1/poke_icon_0103_001_mf_n_00000000_f_n.png,103_alolan.png
Cubone,Gen1/poke_icon_0104_000_mf_n_00000000_f_n.png,104.png
Marowak,Gen1/poke_icon_0105_000_mf_n_00000000_f_n.png,105.png
Alolan Marowak,Gen1/poke_icon_0105_001_mf_n_00000000_f_n.png,105_alolan.png
Hitmonlee,Gen1/poke_icon_0106_000_mo_n_00000000_f_n.png,106.png
Hitmonchan,Gen1/poke_icon_0107_000_mo_n_00000000_f_n.png,107.png
Lickitung,Gen1/poke_icon_0108_000_mf_n_00000000_f_n.png,108.png
Koffing,Gen1/poke_icon_0109_000_mf_n_00000000_f_n.png,109.png
Weezing,Gen1/poke_icon_0110_000_mf_n_00000000_f_n.png,110.png
Galarian Weezing,Gen1/poke_icon_0110_001_mf_n_00000000_f_n.png,110_galarian.png
Rhyhorn ♀,Gen1/poke_icon_0111_000_fd_n_00000000_f_n.png,111_female.png
Rhyhorn ♂,Gen1/poke_icon_0111_000_md_n_00000000_f_n.png,111_male.png
Rhydon ♀,Gen1/poke_icon_0112_000_fd_n_00000000_f_n.png,112_female.png
Rhydon ♂,Gen1/poke_icon_0112_000_md_n_00000000_f_n.png,112_male.png
Chansey,Gen1/poke_icon_0113_000_fo_n_00000000_f_n.png,113.png
Tangela,Gen1/poke_icon_0114_000_mf_n_00000000_f_n.png,114.png
Kangaskhan,Gen1/poke_icon_0115_000_fo_n_00000000_f_n.png,115.png
Horsea,Gen1/poke_icon_0116_000_mf_n_00000000_f_n.png,116.png
Seadra,Gen1/poke_icon_0117_000_mf_n_00000000_f_n.png,117.png
Goldeen ♀,Gen1/poke_icon_0118_000_fd_n_00000000_f_n.png,118_female.png
Goldeen ♂,Gen1/poke_icon_0118_000_md_n_00000000_f_n.png,118_male.png
Seaking ♀,Gen1/poke_icon_0119_000_fd_n_00000000_f_n.png,119_female.png
Seaking ♂,Gen1/poke_icon_0119_000_md_n_00000000_f_n.png,119_male.png
Staryu,Gen1/poke_icon_0120_000_uk_n_00000000_f_n.png,120.png
Starmie,Gen1/poke_icon_0121_000_uk_n_00000000_f_n.png,121.png
Mr.Mime,Gen1/poke_icon_0122_000_mf_n_00000000_f_n.png,122.png
Galarian Mr. Mime,Gen1/poke_icon_0122_001_mf_n_00000000_f_n.png,122_galarian.png
Scyther ♀,Gen1/poke_icon_0123_000_fd_n_00000000_f_n.png,123_female.png
Scyther ♂,Gen1/poke_icon_0123_000_md_n_00000000_f_n.png,123_male.png
Jynx,Gen1/poke_icon_0124_000_fo_n_00000000_f_n.png,124.png
Electrabuzz,Gen1/poke_icon_0125_000_mf_n_00000000_f_n.png,125.png
Magmar,Gen1/poke_icon_0126_000_mf_n_00000000_f_n.png,126.png
Pinsir,Gen1/poke_icon_0127_000_mf_n_00000000_f_n.png,127.png
Tauros,Gen1/poke_icon_0128_000_mo_n_00000000_f_n.png,128.png
Paldean Tauros,Gen1/poke_icon_0128_001_md_n_00000000_f_n.png,128_paldean.png
Paldean Tauros Blaze,Gen1/poke_icon_0128_002_md_n_00000000_f_n.png,128_paldean_blaze.png
Paldean Tauros Aqua,Gen1/poke_icon_0128_003_md_n_00000000_f_n.png,128_paldean_aqua.png
Magikarp ♀,Gen1/poke_icon_0129_000_fd_n_00000000_f_n.png,129_female.png
Magikarp ♂,Gen1/poke_icon_0129_000_md_n_00000000_f_n.png,129_male.png
Gyrados ♀,Gen1/poke_icon_0130_000_fd_n_00000000_f_n.png,130_female.png
Gyrados ♂,Gen1/poke_icon_0130_000_md_n_00000000_f_n.png,130_male.png
Lapras,Gen1/poke_icon_0131_000_mf_n_00000000_f_n.png,131.png
Ditto,Gen1/poke_icon_0132_000_uk_n_00000000_f_n.png,132.png
Eevee ♀,Gen1/poke_icon_0133_000_fd_n_00000000_f_n.png,133_female.png
Eevee ♂,Gen1/poke_icon_0133_000_md_n_00000000_f_n.png,133_male.png
Vaporeon,Gen1/poke_icon_0134_000_mf_n_00000000_f_n.png,134.png
Jolteon,Gen1/poke_icon_0135_000_mf_n_00000000_f_n.png,135.png
Flareon,Gen1/poke_icon_0136_000_mf_n_00000000_f_n.png,136.png
Porygon,Gen1/poke_icon_0137_000_uk_n_00000000_f_n.png,137.png
Omanyte,Gen1/poke_icon_0138_000_mf_n_00000000_f_n.png,138.png
Omastar,Gen1/poke_icon_0139_000_mf_n_00000000_f_n.png,139.png
Kabuto,Gen1/poke_icon_0140_000_mf_n_00000000_f_n.png,140.png
Kabutops,Gen1/poke_icon_0141_000_mf_n_00000000_f_n.png,141.png
Aerodactyl,Gen1/poke_icon_0142_000_mf_n_00000000_f_n.png,142.png
Snorlax,Gen1/poke_icon_0143_000_mf_n_00000000_f_n.png,143.png
Articuno,Gen1/poke_icon_0144_000_uk_n_00000000_f_n.png,144.png
Galarian Articuno,Gen1/poke_icon_0144_001_uk_n_00000000_f_n.png,144_galarian.png
Zapdos,Gen1/poke_icon_0145_000_uk_n_00000000_f_n.png,145.png
Galarian Zapdos,Gen1/poke_icon_0145_001_uk_n_00000000_f_n.png,145_galarian.png
Moltres,Gen1/poke_icon_0146_000_uk_n_00000000_f_n.png,146.png
Galarian Moltres,Gen1/poke_icon_0146_001_uk_n_00000000_f_n.png,146_galarian.png
Dratini,Gen1/poke_icon_0147_000_mf_n_00000000_f_n.png,147.png
Dragonair,Gen1/poke_icon_0148_000_mf_n_00000000_f_n.png,148.png
Dragonite,Gen1/poke_icon_0149_000_mf_n_00000000_f_n.png,149.png
Mewtwo,Gen1/poke_icon_0150_000_uk_n_00000000_f_n.png,150.png
Mew,Gen1/poke_icon_0151_000_uk_n_00000000_f_n.png,151.png
Chikorita,Gen2/poke_icon_0152_000_mf_n_00000000_f_n.png,152.png
Bayleef,Gen2/poke_icon_0153_000_mf_n_00000000_f_n.png,153.png
Meganium ♀,Gen2/poke_icon_0154_000_fd_n_00000000_f_n.png,154_female.png
Meganium ♂,Gen2/poke_icon_0154_000_md_n_00000000_f_n.png,154_male.png
Cyndaquil,Gen2/poke_icon_0155_000_mf_n_00000000_f_n.png,155.png
Quilava,Gen2/poke_icon_0156_000_mf_n_00000000_f_n.png,156.png
Typhlosion,Gen2/poke_icon_0157_000_mf_n_00000000_f_n.png,157.png
Hisuian Typhlosion,Gen2/poke_icon_0157_001_mf_n_00000000_f_n.png,157_hisuian.png
Totodile,Gen2/poke_icon_0158_000_mf_n_00000000_f_n.png,158.png
Croconaw,Gen2/poke_icon_0159_000_mf_n_00000000_f_n.png,159.png
Feraligatr,Gen2/poke_icon_0160_000_mf_n_00000000_f_n.png,160.png
Sentret,Gen2/poke_icon_0161_000_mf_n_00000000_f_n.png,161.png
Furret,Gen2/poke_icon_0162_000_mf_n_00000000_f_n.png,162.png
Hoothoot,Gen2/poke_icon_0163_000_mf_n_00000000_f_n.png,163.png
Noctowl,Gen2/poke_icon_0164_000_mf_n_00000000_f_n.png,164.png
Ledyba ♀,Gen2/poke_icon_0165_000_fd_n_00000000_f_n.png,165_female.png
Ledyba ♂,Gen2/poke_icon_0165_000_md_n_00000000_f_n.png,165_male.png
Ledian ♀,Gen2/poke_icon_0166_000_fd_n_00000000_f_n.png,166_female.png
Ledian ♂,Gen2/poke_icon_0166_000_md_n_00000000_f_n.png,166_male.png
Spinarak,Gen2/poke_icon_0167_000_mf_n_00000000_f_n.png,167.png
Ariados,Gen2/poke_icon_0168_000_mf_n_00000000_f_n.png,168.png
Crobat,Gen2/poke_icon_0169_000_mf_n_00000000_f_n.png,169.png
Chinchou,Gen2/poke_icon_0170_000_mf_n_00000000_f_n.png,170.png
Lanturn,Gen2/poke_icon_0171_000_mf_n_00000000_f_n.png,171.png
Pichu,Gen2/poke_icon_0172_000_mf_n_00000000_f_n.png,172.png
Cleffa,Gen2/poke_icon_0173_000_mf_n_00000000_f_n.png,173.png
Igglybuff,Gen2/poke_icon_0174_000_mf_n_00000000_f_n.png,174.png
Togepi,Gen2/poke_icon_0175_000_mf_n_00000000_f_n.png,175.png
Togetic,Gen2/poke_icon_0176_000_mf_n_00000000_f_n.png,176.png
Natu,Gen2/poke_icon_0177_000_mf_n_00000000_f_n.png,177.png
Xatu ♀,Gen2/poke_icon_0178_000_fd_n_00000000_f_n.png,178_female.png
Xatu ♂,Gen2/poke_icon_0178_000_md_n_00000000_f_n.png,178_male.png
Mareep,Gen2/poke_icon_0179_000_mf_n_00000000_f_n.png,179.png
Flaafy,Gen2/poke_icon_0180_000_mf_n_00000000_f_n.png,180.png
Ampharos,Gen2/poke_icon_0181_000_mf_n_00000000_f_n.png,181.png
Bellossom,Gen2/poke_icon_0182_000_mf_n_00000000_f_n.png,182.png
Marill,Gen2/poke_icon_0183_000_mf_n_00000000_f_n.png,183.png
Azumarill,Gen2/poke_icon_0184_000_mf_n_00000000_f_n.png,184.png
Sudowoodo ♀,Gen2/poke_icon_0185_000_fd_n_00000000_f_n.png,185_female.png
Sudowoodo ♂,Gen2/poke_icon_0185_000_md_n_00000000_f_n.png,185_male.png
Politoed ♀,Gen2/poke_icon_0186_000_fd_n_00000000_f_n.png,186_female.png
Politoed ♂,Gen2/poke_icon_0186_000_md_n_00000000_f_n.png,186_male.png
Hoppip,Gen2/poke_icon_0187_000_mf_n_00000000_f_n.png,187.png
Skiploom,Gen2/poke_icon_0188_000_mf_n_00000000_f_n.png,188.png
Jumpluff,Gen2/poke_icon_0189_000_mf_n_00000000_f_n.png,189.png
Aipom ♀,Gen2/poke_icon_0190_000_fd_n_00000000_f_n.png,190_female.png
Aipom ♂,Gen2/poke_icon_0190_000_md_n_00000000_f_n.png,190_male.png
Sunkern,Gen2/poke_icon_0191_000_mf_n_00000000_f_n.png,191.png
Sunflora,Gen2/poke_icon_0192_000_mf_n_00000000_f_n.png,192.png
Yanma,Gen2/poke_icon_0193_000_mf_n_00000000_f_n.png,193.png
Wooper ♀,Gen2/poke_icon_0194_000_fd_n_00000000_f_n.png,194_female.png
Wooper ♂,Gen2/poke_icon_0194_000_md_n_00000000_f_n.png,194_male.png
Paldean Wooper,Gen2/poke_icon_0194_001_mf_n_00000000_f_n.png,194_paldean.png
Quagsire ♀,Gen2/poke_icon_0195_000_fd_n_00000000_f_n.png,195_female.png
Quagsire ♂,Gen2/poke_icon_0195_000_md_n_00000000_f_n.png,195_male.png
Espeon,Gen2/poke_icon_0196_000_mf_n_00000000_f_n.png,196.png
Umbreon,Gen2/poke_icon_0197_000_mf_n_00000000_f_n.png,197.png
Murkrow ♀,Gen2/poke_icon_0198_000_fd_n_00000000_f_n.png,198_female.png
Murkrow ♂,Gen2/poke_icon_0198_000_md_n_00000000_f_n.png,198_male.png
Slowking,Gen2/poke_icon_0199_000_mf_n_00000000_f_n.png,199.png
Galarian Slowking,Gen2/poke_icon_0199_001_mf_n_00000000_f_n.png,199_galarian.png
Misdreavus,Gen2/poke_icon_0200_000_mf_n_00000000_f_n.png,200.png
Unown A,Gen2/poke_icon_0201_000_uk_n_00000000_f_n.png,201_a.png
Unown B,Gen2/poke_icon_0201_001_uk_n_00000000_f_n.png,201_b.png
Unown C,Gen2/poke_icon_0201_002_uk_n_00000000_f_n.png,201_c.png
Unown D,Gen2/poke_icon_0201_003_uk_n_00000000_f_n.png,201_d.png
Unown E,Gen2/poke_icon_0201_004_uk_n_00000000_f_n.png,201_e.png
Unown F,Gen2/poke_icon_0201_005_uk_n_00000000_f_n.png,201_f.png
Unown G,Gen2/poke_icon_0201_006_uk_n_00000000_f_n.png,201_g.png
Unown H,Gen2/poke_icon_0201_007_uk_n_00000000_f_n.png,201_h.png
Unown I,Gen2/poke_icon_0201_008_uk_n_00000000_f_n.png,201_i.png
Unown J,Gen2/poke_icon_0201_009_uk_n_00000000_f_n.png,201_j.png
Unown K,Gen2/poke_icon_0201_010_uk_n_00000000_f_n.png,201_k.png
Unown L,Gen2/poke_icon_0201_011_uk_n_00000000_f_n.png,201_l.png
Unown M,Gen2/poke_icon_0201_012_uk_n_00000000_f_n.png,201_m.png
Unown N,Gen2/poke_icon_0201_013_uk_n_00000000_f_n.png,201_n.png
Unown O,Gen2/poke_icon_0201_014_uk_n_00000000_f_n.png,201_o.png
Unown P,Gen2/poke_icon_0201_015_uk_n_00000000_f_n.png,201_p.png
Unown Q,Gen2/poke_icon_0201_016_uk_n_00000000_f_n.png,201_q.png
Unown R,Gen2/poke_icon_0201_017_uk_n_00000000_f_n.png,201_r.png
Unown S,Gen2/poke_icon_0201_018_uk_n_00000000_f_n.png,201_s.png
Unown T,Gen2/poke_icon_0201_019_uk_n_00000000_f_n.png,201_t.png
Unown U,Gen2/poke_icon_0201_020_uk_n_00000000_f_n.png,201_u.png
Unown V,Gen2/poke_icon_0201_021_uk_n_00000000_f_n.png,201_v.png
Unown W,Gen2/poke_icon_0201_022_uk_n_00000000_f_n.png,201_w.png
Unown X,Gen2/poke_icon_0201_023_uk_n_00000000_f_n.png,201_x.png
Unown Y,Gen2/poke_icon_0201_024_uk_n_00000000_f_n.png,201_y.png
Unown Z,Gen2/poke_icon_0201_025_uk_n_00000000_f_n.png,201_z.png
Unown !,Gen2/poke_icon_0201_026_uk_n_00000000_f_n.png,201_exclamation.png
Unown ?,Gen2/poke_icon_0201_027_uk_n_00000000_f_n.png,201_question.png
Wobbuffet ♀,Gen2/poke_icon_0202_000_fd_n_00000000_f_n.png,202_female.png
Wobbuffet ♂,Gen2/poke_icon_0202_000_md_n_00000000_f_n.png,202_male.png
Girafarig ♀,Gen2/poke_icon_0203_000_fd_n_00000000_f_n.png,203_female.png
Girafarig ♂,Gen2/poke_icon_0203_000_md_n_00000000_f_n.png,203_male.png
Pineco,Gen2/poke_icon_0204_000_mf_n_00000000_f_n.png,204.png
Forretress,Gen2/poke_icon_0205_000_mf_n_00000000_f_n.png,205.png
Dunsparce,Gen2/poke_icon_0206_000_mf_n_00000000_f_n.png,206.png
Gligar ♀,Gen2/poke_icon_0207_000_fd_n_00000000_f_n.png,207_female.png
Gligar ♂,Gen2/poke_icon_0207_000_md_n_00000000_f_n.png,207_male.png
Steelix ♀,Gen2/poke_icon_0208_000_fd_n_00000000_f_n.png,208_female.png
Steelix ♂,Gen2/poke_icon_0208_000_md_n_00000000_f_n.png,208_male.png
Snubbull,Gen2/poke_icon_0209_000_mf_n_00000000_f_n.png,209.png
Granbull,Gen2/poke_icon_0210_000_mf_n_00000000_f_n.png,210.png
Qwilfish,Gen2/poke_icon_0211_000_mf_n_00000000_f_n.png,211.png
Hisuian Qwilfish,Gen2/poke_icon_0211_001_mf_n_00000000_f_n.png,211_hisuian.png
Scizor ♀,Gen2/poke_icon_0212_000_fd_n_00000000_f_n.png,212_female.png
Scizor ♂,Gen2/poke_icon_0212_000_md_n_00000000_f_n.png,212_male.png
Shuckle,Gen2/poke_icon_0213_000_mf_n_00000000_f_n.png,213.png
Heracross ♀,Gen2/poke_icon_0214_000_fd_n_00000000_f_n.png,214_female.png
Heracross ♂,Gen2/poke_icon_0214_000_md_n_00000000_f_n.png,214_male.png
Sneasel ♀,Gen2/poke_icon_0215_000_fd_n_00000000_f_n.png,215_female.png
Sneasel ♂,Gen2/poke_icon_0215_000_md_n_00000000_f_n.png,215_male.png
Hisuian Sneasel ♀,Gen2/poke_icon_0215_001_fd_n_00000000_f_n.png,215_hisuian_female.png
Hisuian Sneasel ♂,Gen2/poke_icon_0215_001_md_n_00000000_f_n.png,215_hisuian_male.png
Teddiursa,Gen2/poke_icon_0216_000_mf_n_00000000_f_n.png,216.png
Ursaring ♀,Gen2/poke_icon_0217_000_fd_n_00000000_f_n.png,217_female.png
Ursaring ♂,Gen2/poke_icon_0217_000_md_n_00000000_f_n.png,217_male.png
Slugma,Gen2/poke_icon_0218_000_mf_n_00000000_f_n.png,218.png
Magcargo,Gen2/poke_icon_0219_000_mf_n_00000000_f_n.png,219.png
Swinub,Gen2/poke_icon_0220_000_mf_n_00000000_f_n.png,220.png
Piloswine ♀,Gen2/poke_icon_0221_000_fd_n_00000000_f_n.png,221_female.png
Piloswine ♂,Gen2/poke_icon_0221_000_md_n_00000000_f_n.png,221_male.png
Corsola,Gen2/poke_icon_0222_000_mf_n_00000000_f_n.png,222.png
Galarian Corsola,Gen2/poke_icon_0222_001_mf_n_00000000_f_n.png,222_galarian.png
Remoraid,Gen2/poke_icon_0223_000_mf_n_00000000_f_n.png,223.png
Octillery ♀,Gen2/poke_icon_0224_000_fd_n_00000000_f_n.png,224_female.png
Octillery ♂,Gen2/poke_icon_0224_000_md_n_00000000_f_n.png,224_male.png
Delibird,Gen2/poke_icon_0225_000_mf_n_00000000_f_n.png,225.png
Mantine,Gen2/poke_icon_0226_000_mf_n_00000000_f_n.png,226.png
Skarmory,Gen2/poke_icon_0227_000_mf_n_00000000_f_n.png,227.png
Houdour,Gen2/poke_icon_0228_000_mf_n_00000000_f_n.png,228.png
Houndoom ♀,Gen2/poke_icon_0229_000_fd_n_00000000_f_n.png,229_female.png
Houndoom ♂,Gen2/poke_icon_0229_000_md_n_00000000_f_n.png,229_male.png
Kingdra,Gen2/poke_icon_0230_000_mf_n_00000000_f_n.png,230.png
Phanpy,Gen2/poke_icon_0231_000_mf_n_00000000_f_n.png,231.png
Donphan ♀,Gen2/poke_icon_0232_000_fd_n_00000000_f_n.png,232_female.png
Donphan ♂,Gen2/poke_icon_0232_000_md_n_00000000_f_n.png,232_male.png
Porygon 2,Gen2/poke_icon_0233_000_uk_n_00000000_f_n.png,233.png
Stantler,Gen2/poke_icon_0234_000_mf_n_00000000_f_n.png,234.png
Smeargle,Gen2/poke_icon_0235_000_mf_n_00000000_f_n.png,235.png
Tyrogue,Gen2/poke_icon_0236_000_mo_n_00000000_f_n.png,236.png
Hitmontop,Gen2/poke_icon_0237_000_mo_n_00000000_f_n.png,237.png
Smoochum,Gen2/poke_icon_0238_000_fo_n_00000000_f_n.png,238.png
Elekid,Gen2/poke_icon_0239_000_mf_n_00000000_f_n.png,239.png
Magby,Gen2/poke_icon_0240_000_mf_n_00000000_f_n.png,240.png
Miltank,Gen2/poke_icon_0241_000_fo_n_00000000_f_n.png,241.png
Blissey,Gen2/poke_icon_0242_000_fo_n_00000000_f_n.png,242.png
Raikou,Gen2/poke_icon_0243_000_uk_n_00000000_f_n.png,243.png
Entei,Gen2/poke_icon_0244_000_uk_n_00000000_f_n.png,244.png
Suicune,Gen2/poke_icon_0245_000_uk_n_00000000_f_n.png,245.png
Larvitar,Gen2/poke_icon_0246_000_mf_n_00000000_f_n.png,246.png
Pupitar,Gen2/poke_icon_0247_000_mf_n_00000000_f_n.png,247.png
Tyranitar,Gen2/poke_icon_0248_000_mf_n_00000000_f_n.png,248.png
Lugia,Gen2/poke_icon_0249_000_uk_n_00000000_f_n.png,249.png
Ho-oh,Gen2/poke_icon_0250_000_uk_n_00000000_f_n.png,250.png
Celebi,Gen2/poke_icon_0251_000_uk_n_00000000_f_n.png,251.png
Treecko,Gen3/poke_icon_0252_000_mf_n_00000000_f_n.png,252.png
Grovyle,Gen3/poke_icon_0253_000_mf_n_00000000_f_n.png,253.png
Sceptile,Gen3/poke_icon_0254_000_mf_n_00000000_f_n.png,254.png
Torchic,Gen3/poke_icon_0255_000_md_n_00000000_f_n.png,255.png
Combusken ♀,Gen3/poke_icon_0256_000_fd_n_00000000_f_n.png,256_female.png
Combusken ♂,Gen3/poke_icon_0256_000_md_n_00000000_f_n.png,256_male.png
Blaziken ♀,Gen3/poke_icon_0257_000_fd_n_00000000_f_n.png,257_female.png
Blaziken ♂,Gen3/poke_icon_0257_000_md_n_00000000_f_n.png,257_male.png
Mudkip,Gen3/poke_icon_0258_000_mf_n_00000000_f_n.png,258.png
Marshtomp,Gen3/poke_icon_0259_000_mf_n_00000000_f_n.png,259.png
Swampert,Gen3/poke_icon_0260_000_mf_n_00000000_f_n.png,260.png
Poochyena,Gen3/poke_icon_0261_000_mf_n_00000000_f_n.png,261.png
Mightyena,Gen3/poke_icon_0262_000_mf_n_00000000_f_n.png,262.png
Zigzagoon,Gen3/poke_icon_0263_000_mf_n_00000000_f_n.png,263.png
Galarian Zigzagoon,Gen3/poke_icon_0263_001_mf_n_00000000_f_n.png,263_galarian.png
Linoone,Gen3/poke_icon_0264_000_mf_n_00000000_f_n.png,264.png
Galarian Linoone,Gen3/poke_icon_0264_001_mf_n_00000000_f_n.png,264_galarian.png
Wurmple,Gen3/poke_icon_0265_000_mf_n_00000000_f_n.png,265.png
Silcoon,Gen3/poke_icon_0266_000_mf_n_00000000_f_n.png,266.png
Beautifly ♀,Gen3/poke_icon_0267_000_fd_n_00000000_f_n.png,267_female.png
Beautifly ♂,Gen3/poke_icon_0267_000_md_n_00000000_f_n.png,267_male.png
Cascoon,Gen3/poke_icon_0268_000_mf_n_00000000_f_n.png,268.png
Dustox ♀,Gen3/poke_icon_0269_000_fd_n_00000000_f_n.png,269_female.png
Dustox ♂,Gen3/poke_icon_0269_000_md_n_00000000_f_n.png,269_male.png
Lotad,Gen3/poke_icon_0270_000_mf_n_00000000_f_n.png,270.png
Lombre,Gen3/poke_icon_0271_000_mf_n_00000000_f_n.png,271.png
Ludicolo ♀,Gen3/poke_icon_0272_000_fd_n_00000000_f_n.png,272_female.png
Ludicolo ♂,Gen3/poke_icon_0272_000_md_n_00000000_f_n.png,272_male.png
Seedot,Gen3/poke_icon_0273_000_mf_n_00000000_f_n.png,273.png
Nuzleaf ♀,Gen3/poke_icon_0274_000_fd_n_00000000_f_n.png,274_female.png
Nuzleaf ♂,Gen3/poke_icon_0274_000_md_n_00000000_f_n.png,274_male.png
Shiftry ♀,Gen3/poke_icon_0275_000_fd_n_00000000_f_n.png,275_female.png
Shiftry ♂,Gen3/poke_icon_0275_000_md_n_00000000_f_n.png,275_male.png
Taillow,Gen3/poke_icon_0276_000_mf_n_00000000_f_n.png,276.png
Swellow,Gen3/poke_icon_0277_000_mf_n_00000000_f_n.png,277.png
Wingull,Gen3/poke_icon_0278_000_mf_n_00000000_f_n.png,278.png
Pelipper,Gen3/poke_icon_0279_000_mf_n_00000000_f_n.png,279.png
Ralts,Gen3/poke_icon_0280_000_mf_n_00000000_f_n.png,280.png
Kirlia,Gen3/poke_icon_0281_000_mf_n_00000000_f_n.png,281.png
Gardevoir,Gen3/poke_icon_0282_000_mf_n_00000000_f_n.png,282.png
Surskit,Gen3/poke_icon_0283_000_mf_n_00000000_f_n.png,283.png
Masquerain,Gen3/poke_icon_0284_000_mf_n_00000000_f_n.png,284.png
Shroomish,Gen3/poke_icon_0285_000_mf_n_00000000_f_n.png,285.png
Breloom,Gen3/poke_icon_0286_000_mf_n_00000000_f_n.png,286.png
Slakoth,Gen3/poke_icon_0287_000_mf_n_00000000_f_n.png,287.png
Vigoroth,Gen3/poke_icon_0288_000_mf_n_00000000_f_n.png,288.png
Slaking,Gen3/poke_icon_0289_000_mf_n_00000000_f_n.png,289.png
Nincada,Gen3/poke_icon_0290_000_mf_n_00000000_f_n.png,290.png
Ninjask,Gen3/poke_icon_0291_000_mf_n_00000000_f_n.png,291.png
Shedinja,Gen3/poke_icon_0292_000_uk_n_00000000_f_n.png,292.png
Whismur,Gen3/poke_icon_0293_000_mf_n_00000000_f_n.png,293.png
Loudred,Gen3/poke_icon_0294_000_mf_n_00000000_f_n.png,294.png
Exploud,Gen3/poke_icon_0295_000_mf_n_00000000_f_n.png,295.png
Makuhita,Gen3/poke_icon_0296_000_mf_n_00000000_f_n.png,296.png
Hariyama,Gen3/poke_icon_0297_000_mf_n_00000000_f_n.png,297.png
Azurill,Gen3/poke_icon_0298_000_mf_n_00000000_f_n.png,298.png
Nosepass,Gen3/poke_icon_0299_000_mf_n_00000000_f_n.png,299.png
Skitty,Gen3/poke_icon_0300_000_mf_n_00000000_f_n.png,300.png
Delcatty,Gen3/poke_icon_0301_000_mf_n_00000000_f_n.png,301.png
Sableye,Gen3/poke_icon_0302_000_mf_n_00000000_f_n.png,302.png
Mawile,Gen3/poke_icon_0303_000_mf_n_00000000_f_n.png,303.png
Aron,Gen3/poke_icon_0304_000_mf_n_00000000_f_n.png,304.png
Lairon,Gen3/poke_icon_0305_000_mf_n_00000000_f_n.png,305.png
Aggron,Gen3/poke_icon_0306_000_mf_n_00000000_f_n.png,306.png
Meditite ♀,Gen3/poke_icon_0307_000_fd_n_00000000_f_n.png,307_female.png
Meditite ♂,Gen3/poke_icon_0307_000_md_n_00000000_f_n.png,307_male.png
Medicham ♀,Gen3/poke_icon_0308_000_fd_n_00000000_f_n.png,308_female.png
Medicham ♂,Gen3/poke_icon_0308_000_md_n_00000000_f_n.png,308_male.png
Electrike,Gen3/poke_icon_0309_000_mf_n_00000000_f_n.png,309.png
Manectric,Gen3/poke_icon_0310_000_mf_n_00000000_f_n.png,310.png
Plusle,Gen3/poke_icon_0311_000_mf_n_00000000_f_n.png,311.png
Minun,Gen3/poke_icon_0312_000_mf_n_00000000_f_n.png,312.png
Volbeat,Gen3/poke_icon_0313_000_mo_n_00000000_f_n.png,313.png
Illumise,Gen3/poke_icon_0314_000_fo_n_00000000_f_n.png,314.png
Roselia ♀,Gen3/poke_icon_0315_000_fd_n_00000000_f_n.png,315_female.png
Roselia ♂,Gen3/poke_icon_0315_000_md_n_00000000_f_n.png,315_male.png
Gulpin ♀,Gen3/poke_icon_0316_000_fd_n_00000000_f_n.png,316_female.png
Gulpin ♂,Gen3/poke_icon_0316_000_md_n_00000000_f_n.png,316_male.png
Swalot ♀,Gen3/poke_icon_0317_000_fd_n_00000000_f_n.png,317_female.png
Swalot ♂,Gen3/poke_icon_0317_000_md_n_00000000_f_n.png,317_male.png
Carvanha,Gen3/poke_icon_0318_000_mf_n_00000000_f_n.png,318.png
Sharpedo,Gen3/poke_icon_0319_000_mf_n_00000000_f_n.png,319.png
Wailmer,Gen3/poke_icon_0320_000_mf_n_00000000_f_n.png,320.png
Wailord,Gen3/poke_icon_0321_000_mf_n_00000000_f_n.png,321.png
Numel ♀,Gen3/poke_icon_0322_000_fd_n_00000000_f_n.png,322_female.png
Numel ♂,Gen3/poke_icon_0322_000_md_n_00000000_f_n.png,322_male.png
Camerupt ♀,Gen3/poke_icon_0323_000_fd_n_00000000_f_n.png,323_female.png
Camerupt ♂,Gen3/poke_icon_0323_000_md_n_00000000_f_n.png,323_male.png
Torkoal,Gen3/poke_icon_0324_000_mf_n_00000000_f_n.png,324.png
Spoink,Gen3/poke_icon_0325_000_mf_n_00000000_f_n.png,325.png
Grumpig,Gen3/poke_icon_0326_000_mf_n_00000000_f_n.png,326.png
Spinda,Gen3/poke_icon_0327_000_mf_n_00000000_f_n.png,327.png
Trapinch,Gen3/poke_icon_0328_000_mf_n_00000000_f_n.png,328.png
Vibrava,Gen3/poke_icon_0329_000_mf_n_00000000_f_n.png,329.png
Flygon,Gen3/poke_icon_0330_000_mf_n_00000000_f_n.png,330.png
Cacnea,Gen3/poke_icon_0331_000_mf_n_00000000_f_n.png,331.png
Cacturne ♀,Gen3/poke_icon_0332_000_fd_n_00000000_f_n.png,332_female.png
Cacturne ♂,Gen3/poke_icon_0332_000_md_n_00000000_f_n.png,332_male.png
Swablu,Gen3/poke_icon_0333_000_mf_n_00000000_f_n.png,333.png
Altaria,Gen3/poke_icon_0334_000_mf_n_00000000_f_n.png,334.png
Zangoose,Gen3/poke_icon_0335_000_mf_n_00000000_f_n.png,335.png
Seviper,Gen3/poke_icon_0336_000_mf_n_00000000_f_n.png,336.png
Lunatone,Gen3/poke_icon_0337_000_uk_n_00000000_f_n.png,337.png
Solrock,Gen3/poke_icon_0338_000_uk_n_00000000_f_n.png,338.png
Barboach,Gen3/poke_icon_0339_000_mf_n_00000000_f_n.png,339.png
Whiscash,Gen3/poke_icon_0340_000_mf_n_00000000_f_n.png,340.png
Corpish,Gen3/poke_icon_0341_000_mf_n_00000000_f_n.png,341.png
Crawdaunt,Gen3/poke_icon_0342_000_mf_n_00000000_f_n.png,342.png
Baltoy,Gen3/poke_icon_0343_000_uk_n_00000000_f_n.png,343.png
Claydol,Gen3/poke_icon_0344_000_uk_n_00000000_f_n.png,344.png
Lileep,Gen3/poke_icon_0345_000_mf_n_00000000_f_n.png,345.png
Cradily,Gen3/poke_icon_0346_000_mf_n_00000000_f_n.png,346.png
Anorith,Gen3/poke_icon_0347_000_mf_n_00000000_f_n.png,347.png
Armaldo,Gen3/poke_icon_0348_000_mf_n_00000000_f_n.png,348.png
Feebas,Gen3/poke_icon_0349_000_mf_n_00000000_f_n.png,349.png
Milotic ♀,Gen3/poke_icon_0350_000_fd_n_00000000_f_n.png,350_female.png
Milotic ♂,Gen3/poke_icon_0350_000_md_n_00000000_f_n.png,350_male.png
Castform,Gen3/poke_icon_0351_000_mf_n_00000000_f_n.png,351.png
Kecleon,Gen3/poke_icon_0352_000_mf_n_00000000_f_n.png,352.png
Shuppet,Gen3/poke_icon_0353_000_mf_n_00000000_f_n.png,353.png
Banette,Gen3/poke_icon_0354_000_mf_n_00000000_f_n.png,354.png
Duskull,Gen3/poke_icon_0355_000_mf_n_00000000_f_n.png,355.png
Dusclops,Gen3/poke_icon_0356_000_mf_n_00000000_f_n.png,356.png
Tropius,Gen3/poke_icon_0357_000_mf_n_00000000_f_n.png,357.png
Chimecho,Gen3/poke_icon_0358_000_mf_n_00000000_f_n.png,358.png
Absol,Gen3/poke_icon_0359_000_mf_n_00000000_f_n.png,359.png
Wynaut,Gen3/poke_icon_0360_000_mf_n_00000000_f_n.png,360.png
Snorunt,Gen3/poke_icon_0361_000_mf_n_00000000_f_n.png,361.png
Glalie,Gen3/poke_icon_0362_000_mf_n_00000000_f_n.png,362.png
Spheal,Gen3/poke_icon_0363_000_mf_n_00000000_f_n.png,363.png
Sealeo,Gen3/poke_icon_0364_000_mf_n_00000000_f_n.png,364.png
Walrein,Gen3/poke_icon_0365_000_mf_n_00000000_f_n.png,365.png
Clamperl,Gen3/poke_icon_0366_000_mf_n_00000000_f_n.png,366.png
Huntail,Gen3/poke_icon_0367_000_mf_n_00000000_f_n.png,367.png
Gorebyss,Gen3/poke_icon_0368_000_mf_n_00000000_f_n.png,368.png
Relicanth ♀,Gen3/poke_icon_0369_000_fd_n_00000000_f_n.png,369_female.png
Relicanth ♂,Gen3/poke_icon_0369_000_md_n_00000000_f_n.png,369_male.png
Luvdisc,Gen3/poke_icon_0370_000_mf_n_00000000_f_n.png,370.png
Bagon,Gen3/poke_icon_0371_000_mf_n_00000000_f_n.png,371.png
Shelgon,Gen3/poke_icon_0372_000_mf_n_00000000_f_n.png,372.png
Salamence,Gen3/poke_icon_0373_000_mf_n_00000000_f_n.png,373.png
Beldum,Gen3/poke_icon_0374_000_uk_n_00000000_f_n.png,374.png
Metang,Gen3/poke_icon_0375_000_uk_n_00000000_f_n.png,375.png
Metagross,Gen3/poke_icon_0376_000_uk_n_00000000_f_n.png,376.png
Regirock,Gen3/poke_icon_0377_000_uk_n_00000000_f_n.png,377.png
Regice,Gen3/poke_icon_0378_000_uk_n_00000000_f_n.png,378.png
Registeel,Gen3/poke_icon_0379_000_uk_n_00000000_f_n.png,379.png
Latias,Gen3/poke_icon_0380_000_fo_n_00000000_f_n.png,380.png
Latios,Gen3/poke_icon_0381_000_mo_n_00000000_f_n.png,381.png
Kyogre,Gen3/poke_icon_0382_000_uk_n_00000000_f_n.png,382.png
Groudon,Gen3/poke_icon_0383_000_uk_n_00000000_f_n.png,383.png
Rayquaza,Gen3/poke_icon_0384_000_uk_n_00000000_f_n.png,384.png
Jirachi,Gen3/poke_icon_0385_000_uk_n_00000000_f_n.png,385.png
Deoxys Normal,Gen3/poke_icon_0386_000_uk_n_00000000_f_n.png,386_normal.png
Deoxys Attack,Gen3/poke_icon_0386_001_uk_n_00000000_f_n.png,386_attack.png
Deoxys Defense,Gen3/poke_icon_0386_002_uk_n_00000000_f_n.png,386_defense.png
Deoxys Speed,Gen3/poke_icon_0386_003_uk_n_00000000_f_n.png,386_speed.png
Turtwig,Gen4/poke_icon_0387_000_mf_n_00000000_f_n.png,387.png
Grotle,Gen4/poke_icon_0388_000_mf_n_00000000_f_n.png,388.png
Torterra,Gen4/poke_icon_0389_000_mf_n_00000000_f_n.png,389.png
Chimchar,Gen4/poke_icon_0390_000_mf_n_00000000_f_n.png,390.png
Monferno,Gen4/poke_icon_0391_000_mf_n_00000000_f_n.png,391.png
Infernape,Gen4/poke_icon_0392_000_mf_n_00000000_f_n.png,392.png
Piplup,Gen4/poke_icon_0393_000_mf_n_00000000_f_n.png,393.png
Prinplup,Gen4/poke_icon_0394_000_mf_n_00000000_f_n.png,394.png
Empoleon,Gen4/poke_icon_0395_000_mf_n_00000000_f_n.png,395.png
Starly ♀,Gen4/poke_icon_0396_000_fd_n_00000000_f_n.png,396_female.png
Starly ♂,Gen4/poke_icon_0396_000_md_n_00000000_f_n.png,396_male.png
Staravia ♀,Gen4/poke_icon_0397_000_fd_n_00000000_f_n.png,397_female.png
Staravia ♂,Gen4/poke_icon_0397_000_md_n_00000000_f_n.png,397_male.png
Staraptor ♀,Gen4/poke_icon_0398_000_fd_n_00000000_f_n.png,398_female.png
Staraptor ♂,Gen4/poke_icon_0398_000_md_n_00000000_f_n.png,398_male.png
Bidoof ♀,Gen4/poke_icon_0399_000_fd_n_00000000_f_n.png,399_female.png
Bidoof ♂,Gen4/poke_icon_0399_000_md_n_00000000_f_n.png,399_male.png
Bibarel ♀,Gen4/poke_icon_0400_000_fd_n_00000000_f_n.png,400_female.png
Bibarel ♂,Gen4/poke_icon_0400_000_md_n_00000000_f_n.png,400_male.png
Kricketot ♀,Gen4/poke_icon_0401_000_fd_n_00000000_f_n.png,401_female.png
Kricketot ♂,Gen4/poke_icon_0401_000_md_n_00000000_f_n.png,401_male.png
Kricketune ♀,Gen4/poke_icon_0402_000_fd_n_00000000_f_n.png,402_female.png
Kricketune ♂,Gen4/poke_icon_0402_000_md_n_00000000_f_n.png,402_male.png
Shinx ♀,Gen4/poke_icon_0403_000_fd_n_00000000_f_n.png,403_female.png
Shinx ♂,Gen4/poke_icon_0403_000_md_n_00000000_f_n.png,403_male.png
Luxio ♀,Gen4/poke_icon_0404_000_fd_n_00000000_f_n.png,404_female.png
Luxio ♂,Gen4/poke_icon_0404_000_md_n_00000000_f_n.png,404_male.png
Luxray ♀,Gen4/poke_icon_0405_000_fd_n_00000000_f_n.png,405_female.png
Luxray ♂,Gen4/poke_icon_0405_000_md_n_00000000_f_n.png,405_male.png
Budew,Gen4/poke_icon_0406_000_mf_n_00000000_f_n.png,406.png
Roserade ♀,Gen4/poke_icon_0407_000_fd_n_00000000_f_n.png,407_female.png
Roserade ♂,Gen4/poke_icon_0407_000_md_n_00000000_f_n.png,407_male.png
Cranidos,Gen4/poke_icon_0408_000_mf_n_00000000_f_n.png,408.png
Rampardos,Gen4/poke_icon_0409_000_mf_n_00000000_f_n.png,409.png
Shieldon,Gen4/poke_icon_0410_000_mf_n_00000000_f_n.png,410.png
Bastiodon,Gen4/poke_icon_0411_000_mf_n_00000000_f_n.png,411.png
Burmy Plant,Gen4/poke_icon_0412_000_mf_n_00000000_f_n.png,412_plant.png
Burmy Sandy,Gen4/poke_icon_0412_001_mf_n_00000000_f_n.png,412_sandy.png
Burmy Trash,Gen4/poke_icon_0412_002_mf_n_00000000_f_n.png,412_trash.png
Wormadam Plant,Gen4/poke_icon_0413_000_fo_n_00000000_f_n.png,413_plant.png
Wormadam Sandy,Gen4/poke_icon_0413_001_fo_n_00000000_f_n.png,413_sandy.png
Wormadam Trash,Gen4/poke_icon_0413_002_fo_n_00000000_f_n.png,413_trash.png
Mothim,Gen4/poke_icon_0414_000_mo_n_00000000_f_n.png,414.png
Combee ♀,Gen4/poke_icon_0415_000_fd_n_00000000_f_n.png,415_female.png
Combee ♂,Gen4/poke_icon_0415_000_md_n_00000000_f_n.png,415_male.png
Vespiquen,Gen4/poke_icon_0416_000_fo_n_00000000_f_n.png,416.png
Pachirisu ♀,Gen4/poke_icon_0417_000_fd_n_00000000_f_n.png,417_female.png
Pachirisu ♂,Gen4/poke_icon_0417_000_md_n_00000000_f_n.png,417_male.png
Buizel ♀,Gen4/poke_icon_0418_000_fd_n_00000000_f_n.png,418_female.png
Buizel ♂,Gen4/poke_icon_0418_000_md_n_00000000_f_n.png,418_male.png
Floatzel ♀,Gen4/poke_icon_0419_000_fd_n_00000000_f_n.png,419_female.png
Floatzel ♂,Gen4/poke_icon_0419_000_md_n_00000000_f_n.png,419_male.png
Cherubi,Gen4/poke_icon_0420_000_mf_n_00000000_f_n.png,420.png
Cherrim Overcast,Gen4/poke_icon_0421_000_mf_n_00000000_f_n.png,421_overcast.png
Cherrim Sunshine,Gen4/poke_icon_0421_001_mf_n_00000000_f_n.png,421_sunshine.png
Shellos West Sea,Gen4/poke_icon_0422_000_mf_n_00000000_f_n.png,422_west_sea.png
Shellos East Sea,Gen4/poke_icon_0422_001_mf_n_00000000_f_n.png,422_east_sea.png
Gastrodon West Sea,Gen4/poke_icon_0423_000_mf_n_00000000_f_n.png,423_west_sea.png
Gastrodon East Sea,Gen4/poke_icon_0423_001_mf_n_00000000_f_n.png,423_east_sea.png
Ambipom ♀,Gen4/poke_icon_0424_000_fd_n_00000000_f_n.png,424_female.png
Ambipom ♂,Gen4/poke_icon_0424_000_md_n_00000000_f_n.png,424_male.png
Drifloon,Gen4/poke_icon_0425_000_mf_n_00000000_f_n.png,425.png
Drifblim,Gen4/poke_icon_0426_000_mf_n_00000000_f_n.png,426.png
Buneary,Gen4/poke_icon_0427_000_mf_n_00000000_f_n.png,427.png
Lopunny,Gen4/poke_icon_0428_000_mf_n_00000000_f_n.png,428.png
Mismagius,Gen4/poke_icon_0429_000_mf_n_00000000_f_n.png,429.png
Honchkrow,Gen4/poke_icon_0430_000_mf_n_00000000_f_n.png,430.png
Glameow,Gen4/poke_icon_0431_000_mf_n_00000000_f_n.png,431.png
Purugly,Gen4/poke_icon_0432_000_mf_n_00000000_f_n.png,432.png
Chingling,Gen4/poke_icon_0433_000_mf_n_00000000_f_n.png,433.png
Stunky,Gen4/poke_icon_0434_000_mf_n_00000000_f_n.png,434.png
Skuntank,Gen4/poke_icon_0435_000_mf_n_00000000_f_n.png,435.png
Bronzor,Gen4/poke_icon_0436_000_uk_n_00000000_f_n.png,436.png
Bronzong,Gen4/poke_icon_0437_000_uk_n_00000000_f_n.png,437.png
Bonsly,Gen4/poke_icon_0438_000_mf_n_00000000_f_n.png,438.png
Mime Jr.,Gen4/poke_icon_0439_000_mf_n_00000000_f_n.png,439.png
Happiny,Gen4/poke_icon_0440_000_fo_n_00000000_f_n.png,440.png
Chatot,Gen4/poke_icon_0441_000_mf_n_00000000_f_n.png,441.png
Spiritomb,Gen4/poke_icon_0442_000_mf_n_00000000_f_n.png,442.png
Gible ♀,Gen4/poke_icon_0443_000_fd_n_00000000_f_n.png,443_female.png
Gible ♂,Gen4/poke_icon_0443_000_md_n_00000000_f_n.png,443_male.png
Gabite ♀,Gen4/poke_icon_0444_000_fd_n_00000000_f_n.png,444_female.png
Gabite ♂,Gen4/poke_icon_0444_000_md_n_00000000_f_n.png,444_male.png
Garchomp ♀,Gen4/poke_icon_0445_000_fd_n_00000000_f_n.png,445_female.png
Garchomp ♂,Gen4/poke_icon_0445_000_md_n_00000000_f_n.png,445_male.png
Munchlax,Gen4/poke_icon_0446_000_mf_n_00000000_f_n.png,446.png
Riolu,Gen4/poke_icon_0447_000_mf_n_00000000_f_n.png,447.png
Lucario,Gen4/poke_icon_0448_000_mf_n_00000000_f_n.png,448.png
Hippopotas ♀,Gen4/poke_icon_0449_000_fd_n_00000000_f_n.png,449_female.png
Hippopotas ♂,Gen4/poke_icon_0449_000_md_n_00000000_f_n.png,449_male.png
Hippowdon ♀,Gen4/poke_icon_0450_000_fd_n_00000000_f_n.png,450_female.png
Hippowdon ♂,Gen4/poke_icon_0450_000_md_n_00000000_f_n.png,450_male.png
Skorupi,Gen4/poke_icon_0451_000_mf_n_00000000_f_n.png,451.png
Drapion,Gen4/poke_icon_0452_000_mf_n_00000000_f_n.png,452.png
Croagunk ♀,Gen4/poke_icon_0453_000_fd_n_00000000_f_n.png,453_female.png
Croagunk ♂,Gen4/poke_icon_0453_000_md_n_00000000_f_n.png,453_male.png
Toxicroak ♀,Gen4/poke_icon_0454_000_fd_n_00000000_f_n.png,454_female.png
Toxicroak ♂,Gen4/poke_icon_0454_000_md_n_00000000_f_n.png,454_male.png
Carnivine,Gen4/poke_icon_0455_000_mf_n_00000000_f_n.png,455.png
Finneon ♀,Gen4/poke_icon_0456_000_fd_n_00000000_f_n.png,456_female.png
Finneon ♂,Gen4/poke_icon_0456_000_md_n_00000000_f_n.png,456_male.png
Lumineon ♀,Gen4/poke_icon_0457_000_fd_n_00000000_f_n.png,457_female.png
Lumineon ♂,Gen4/poke_icon_0457_000_md_n_00000000_f_n.png,457_male.png
Mantyke,Gen4/poke_icon_0458_000_mf_n_00000000_f_n.png,458.png
Snover ♀,Gen4/poke_icon_0459_000_fd_n_00000000_f_n.png,459_female.png
Snover ♂,Gen4/poke_icon_0459_000_md_n_00000000_f_n.png,459_male.png
Abomasnow ♀,Gen4/poke_icon_0460_000_fd_n_00000000_f_n.png,460_female.png
Abomasnow ♂,Gen4/poke_icon_0460_000_md_n_00000000_f_n.png,460_male.png
Weavile ♀,Gen4/poke_icon_0461_000_fd_n_00000000_f_n.png,461_female.png
Weavile ♂,Gen4/poke_icon_0461_000_md_n_00000000_f_n.png,461_male.png
Magnezone,Gen4/poke_icon_0462_000_uk_n_00000000_f_n.png,462.png
Lickilicky,Gen4/poke_icon_0463_000_mf_n_00000000_f_n.png,463.png
Rhyperior ♀,Gen4/poke_icon_0464_000_fd_n_00000000_f_n.png,464_female.png
Rhyperior ♂,Gen4/poke_icon_0464_000_md_n_00000000_f_n.png,464_male.png
Tangrowth ♀,Gen4/poke_icon_0465_000_fd_n_00000000_f_n.png,465_female.png
Tangrowth ♂,Gen4/poke_icon_0465_000_md_n_00000000_f_n.png,465_male.png
Electivire,Gen4/poke_icon_0466_000_mf_n_00000000_f_n.png,466.png
Magmortar,Gen4/poke_icon_0467_000_mf_n_00000000_f_n.png,467.png
Togekiss,Gen4/poke_icon_0468_000_mf_n_00000000_f_n.png,468.png
Yanmega,Gen4/poke_icon_0469_000_mf_n_00000000_f_n.png,469.png
Leafeon,Gen4/poke_icon_0470_000_mf_n_00000000_f_n.png,470.png
Glaceon,Gen4/poke_icon_0471_000_mf_n_00000000_f_n.png,471.png
Gliscor,Gen4/poke_icon_0472_000_mf_n_00000000_f_n.png,472.png
Mamoswine ♀,Gen4/poke_icon_0473_000_fd_n_00000000_f_n.png,473_female.png
Mamoswine ♂,Gen4/poke_icon_0473_000_md_n_00000000_f_n.png,473_male.png
Porygon-Z,Gen4/poke_icon_0474_000_uk_n_00000000_f_n.png,474.png
Gallade,Gen4/poke_icon_0475_000_mo_n_00000000_f_n.png,475.png
Probopass,Gen4/poke_icon_0476_000_mf_n_00000000_f_n.png,476.png
Dusknoir,Gen4/poke_icon_0477_000_mf_n_00000000_f_n.png,477.png
Froslass,Gen4/poke_icon_0478_000_fo_n_00000000_f_n.png,478.png
Rotom,Gen4/poke_icon_0479_000_uk_n_00000000_f_n.png,479.png
Rotom Heat,Gen4/poke_icon_0479_001_uk_n_00000000_f_n.png,479_heat.png
Rotom Wash,Gen4/poke_icon_0479_002_uk_n_00000000_f_n.png,479_wash.png
Rotom Frost,Gen4/poke_icon_0479_003_uk_n_00000000_f_n.png,479_frost.png
Rotom Fan,Gen4/poke_icon_0479_004_uk_n_00000000_f_n.png,479_fan.png
Rotom Mow,Gen4/poke_icon_0479_005_uk_n_00000000_f_n.png,479_mow.png
Uxie,Gen4/poke_icon_0480_000_uk_n_00000000_f_n.png,480.png
Mesprit,Gen4/poke_icon_0481_000_uk_n_00000000_f_n.png,481.png
Azelf,Gen4/poke_icon_0482_000_uk_n_00000000_f_n.png,482.png
Dialga,Gen4/poke_icon_0483_000_uk_n_00000000_f_n.png,483.png
Dialga Origin,Gen4/poke_icon_0483_001_uk_n_00000000_f_n.png,483_origin.png
Palkia,Gen4/poke_icon_0484_000_uk_n_00000000_f_n.png,484.png
Palkia Origin,Gen4/poke_icon_0484_001_uk_n_00000000_f_n.png,484_origin.png
Heatran,Gen4/poke_icon_0485_000_mf_n_00000000_f_n.png,485.png
Regigigas,Gen4/poke_icon_0486_000_uk_n_00000000_f_n.png,486.png
Giratina Altered,Gen4/poke_icon_0487_000_uk_n_00000000_f_n.png,487_altered.png
Giratina Origin,Gen4/poke_icon_0487_001_uk_n_00000000_f_n.png,487_origin.png
Cresselia,Gen4/poke_icon_0488_000_fo_n_00000000_f_n.png,488.png
Phione,Gen4/poke_icon_0489_000_uk_n_00000000_f_n.png,489.png
Manaphy,Gen4/poke_icon_0490_000_uk_n_00000000_f_n.png,490.png
Darkrai,Gen4/poke_icon_0491_000_uk_n_00000000_f_n.png,491.png
Shaymin Land,Gen4/poke_icon_0492_000_uk_n_00000000_f_n.png,492_land.png
Shaymin Sky,Gen4/poke_icon_0492_001_uk_n_00000000_f_n.png,492_sky.png
Arceus,Gen4/poke_icon_0493_000_uk_n_00000000_f_n.png,493.png
Victini,Gen5/poke_icon_0494_000_uk_n_00000000_f_n.png,494.png
Snivy,Gen5/poke_icon_0495_000_mf_n_00000000_f_n.png,495.png
Servine,Gen5/poke_icon_0496_000_mf_n_00000000_f_n.png,496.png
Serperior,Gen5/poke_icon_0497_000_mf_n_00000000_f_n.png,497.png
Tepig,Gen5/poke_icon_0498_000_mf_n_00000000_f_n.png,498.png
Pignite,Gen5/poke_icon_0499_000_mf_n_00000000_f_n.png,499.png
Emboar,Gen5/poke_icon_0500_000_mf_n_00000000_f_n.png,500.png
Oshawott,Gen5/poke_icon_0501_000_mf_n_00000000_f_n.png,501.png
Dewott,Gen5/poke_icon_0502_000_mf_n_00000000_f_n.png,502.png
Samurott,Gen5/poke_icon_0503_000_mf_n_00000000_f_n.png,503.png
Hisuian Samurott,Gen5/poke_icon_0503_001_mf_n_00000000_f_n.png,503_hisuian.png
Patrat,Gen5/poke_icon_0504_000_mf_n_00000000_f_n.png,504.png
Watchog,Gen5/poke_icon_0505_000_mf_n_00000000_f_n.png,505.png
Lillipup,Gen5/poke_icon_0506_000_mf_n_00000000_f_n.png,506.png
Herdier,Gen5/poke_icon_0507_000_mf_n_00000000_f_n.png,507.png
Stoutland,Gen5/poke_icon_0508_000_mf_n_00000000_f_n.png,508.png
Purrloin,Gen5/poke_icon_0509_000_mf_n_00000000_f_n.png,509.png
Liepard,Gen5/poke_icon_0510_000_mf_n_00000000_f_n.png,510.png
Pansage,Gen5/poke_icon_0511_000_mf_n_00000000_f_n.png,511.png
Simisage,Gen5/poke_icon_0512_000_mf_n_00000000_f_n.png,512.png
Pansear,Gen5/poke_icon_0513_000_mf_n_00000000_f_n.png,513.png
Simisear,Gen5/poke_icon_0514_000_mf_n_00000000_f_n.png,514.png
Panpour,Gen5/poke_icon_0515_000_mf_n_00000000_f_n.png,515.png
Simipour,Gen5/poke_icon_0516_000_mf_n_00000000_f_n.png,516.png
Munna,Gen5/poke_icon_0517_000_mf_n_00000000_f_n.png,517.png
Musharna,Gen5/poke_icon_0518_000_mf_n_00000000_f_n.png,518.png
Pidove,Gen5/poke_icon_0519_000_mf_n_00000000_f_n.png,519.png
Tranquill,Gen5/poke_icon_0520_000_mf_n_00000000_f_n.png,520.png
Unfezant ♀,Gen5/poke_icon_0521_000_fd_n_00000000_f_n.png,521_female.png
Unfezant ♂,Gen5/poke_icon_0521_000_md_n_00000000_f_n.png,521_male.png
Blitzle,Gen5/poke_icon_0522_000_mf_n_00000000_f_n.png,522.png
Zebstrika,Gen5/poke_icon_0523_000_mf_n_00000000_f_n.png,523.png
Roggenrola,Gen5/poke_icon_0524_000_mf_n_00000000_f_n.png,524.png
Boldore,Gen5/poke_icon_0525_000_mf_n_00000000_f_n.png,525.png
Giglith,Gen5/poke_icon_0526_000_mf_n_00000000_f_n.png,526.png
Woobat,Gen5/poke_icon_0527_000_mf_n_00000000_f_n.png,527.png
Swoobat,Gen5/poke_icon_0528_000_mf_n_00000000_f_n.png,528.png
Drilbur,Gen5/poke_icon_0529_000_mf_n_00000000_f_n.png,529.png
Excadrill,Gen5/poke_icon_0530_000_mf_n_00000000_f_n.png,530.png
Audino,Gen5/poke_icon_0531_000_mf_n_00000000_f_n.png,531.png
Timburr,Gen5/poke_icon_0532_000_mf_n_00000000_f_n.png,532.png
Gurdurr,Gen5/poke_icon_0533_000_mf_n_00000000_f_n.png,533.png
Conkeldurr,Gen5/poke_icon_0534_000_mf_n_00000000_f_n.png,534.png
Tympole,Gen5/poke_icon_0535_000_mf_n_00000000_f_n.png,535.png
Palpitoad,Gen5/poke_icon_0536_000_mf_n_00000000_f_n.png,536.png
Seismitoad,Gen5/poke_icon_0537_000_mf_n_00000000_f_n.png,537.png
Throh,Gen5/poke_icon_0538_000_mo_n_00000000_f_n.png,538.png
Sawk,Gen5/poke_icon_0539_000_mo_n_00000000_f_n.png,539.png
Sewaddle,Gen5/poke_icon_0540_000_mf_n_00000000_f_n.png,540.png
Swadloon,Gen5/poke_icon_0541_000_mf_n_00000000_f_n.png,541.png
Leavanny,Gen5/poke_icon_0542_000_mf_n_00000000_f_n.png,542.png
Venipede,Gen5/poke_icon_0543_000_mf_n_00000000_f_n.png,543.png
Whirlipede,Gen5/poke_icon_0544_000_mf_n_00000000_f_n.png,544.png
Scolipede,Gen5/poke_icon_0545_000_mf_n_00000000_f_n.png,545.png
Cottonee,Gen5/poke_icon_0546_000_mf_n_00000000_f_n.png,546.png
Whimsicott,Gen5/poke_icon_0547_000_mf_n_00000000_f_n.png,547.png
Petilil,Gen5/poke_icon_0548_000_fo_n_00000000_f_n.png,548.png
Lilligant,Gen5/poke_icon_0549_000_fo_n_00000000_f_n.png,549.png
Hisuian Lilligant,Gen5/poke_icon_0549_001_fo_n_00000000_f_n.png,549_hisuian.png
Basculin Red,Gen5/poke_icon_0550_000_mf_n_00000000_f_n.png,550_red.png
Basculin Blue,Gen5/poke_icon_0550_001_mf_n_00000000_f_n.png,550_blue.png
Basculine White,Gen5/poke_icon_0550_002_mf_n_00000000_f_n.png,550_white.png
Sandile,Gen5/poke_icon_0551_000_mf_n_00000000_f_n.png,551.png
Krokorok,Gen5/poke_icon_0552_000_mf_n_00000000_f_n.png,552.png
Krookodile,Gen5/poke_icon_0553_000_mf_n_00000000_f_n.png,553.png
Darumaka,Gen5/poke_icon_0554_000_mf_n_00000000_f_n.png,554.png
Galarian Darumaka,Gen5/poke_icon_0554_001_mf_n_00000000_f_n.png,554_galarian.png
Darmanitan,Gen5/poke_icon_0555_000_mf_n_00000000_f_n.png,555.png
Galarian Darmanitan,Gen5/poke_icon_0555_002_mf_n_00000000_f_n.png,555_galarian.png
Maractus,Gen5/poke_icon_0556_000_mf_n_00000000_f_n.png,556.png
Dwebble,Gen5/poke_icon_0557_000_mf_n_00000000_f_n.png,557.png
Crustle,Gen5/poke_icon_0558_000_mf_n_00000000_f_n.png,558.png
Scraggy,Gen5/poke_icon_0559_000_mf_n_00000000_f_n.png,559.png
Scrafty,Gen5/poke_icon_0560_000_mf_n_00000000_f_n.png,560.png
Sigilyph,Gen5/poke_icon_0561_000_mf_n_00000000_f_n.png,561.png
Yamask,Gen5/poke_icon_0562_000_mf_n_00000000_f_n.png,562.png
Galarian Yamask,Gen5/poke_icon_0562_001_mf_n_00000000_f_n.png,562_galarian.png
Cofagrigus,Gen5/poke_icon_0563_000_mf_n_00000000_f_n.png,563.png
Tirtouga,Gen5/poke_icon_0564_000_mf_n_00000000_f_n.png,564.png
Carracosta,Gen5/poke_icon_0565_000_mf_n_00000000_f_n.png,565.png
Archen,Gen5/poke_icon_0566_000_mf_n_00000000_f_n.png,566.png
Archeops,Gen5/poke_icon_0567_000_mf_n_00000000_f_n.png,567.png
Trubbish,Gen5/poke_icon_0568_000_mf_n_00000000_f_n.png,568.png
Garbodor,Gen5/poke_icon_0569_000_mf_n_00000000_f_n.png,569.png
Zorua,Gen5/poke_icon_0570_000_mf_n_00000000_f_n.png,570.png
Hisuian Zorua,Gen5/poke_icon_0570_001_mf_n_00000000_f_n.png,570_hisuian.png
Zoroark,Gen5/poke_icon_0571_000_mf_n_00000000_f_n.png,571.png
Hisuian Zoroark,Gen5/poke_icon_0571_001_mf_n_00000000_f_n.png,571_hisuian.png
Minccino,Gen5/poke_icon_0572_000_mf_n_00000000_f_n.png,572.png
Cinccino,Gen5/poke_icon_0573_000_mf_n_00000000_f_n.png,573.png
Gothita,Gen5/poke_icon_0574_000_mf_n_00000000_f_n.png,574.png
Gothorita,Gen5/poke_icon_0575_000_mf_n_00000000_f_n.png,575.png
Gothitelle,Gen5/poke_icon_0576_000_mf_n_00000000_f_n.png,576.png
Solosis,Gen5/poke_icon_0577_000_mf_n_00000000_f_n.png,577.png
Duosion,Gen5/poke_icon_0578_000_mf_n_00000000_f_n.png,578.png
Reuniclus,Gen5/poke_icon_0579_000_mf_n_00000000_f_n.png,579.png
Ducklett,Gen5/poke_icon_0580_000_mf_n_00000000_f_n.png,580.png
Swanna,Gen5/poke_icon_0581_000_mf_n_00000000_f_n.png,581.png
Vanillite,Gen5/poke_icon_0582_000_mf_n_00000000_f_n.png,582.png
Vanillish,Gen5/poke_icon_0583_000_mf_n_00000000_f_n.png,583.png
Vaniluxe,Gen5/poke_icon_0584_000_mf_n_00000000_f_n.png,584.png
Deerling Spring,Gen5/poke_icon_0585_000_mf_n_00000000_f_n.png,585_spring.png
Deerling Summer,Gen5/poke_icon_0585_001_mf_n_00000000_f_n.png,585_summer.png
Deerling Autumn,Gen5/poke_icon_0585_002_mf_n_00000000_f_n.png,585_autumn.png
Deerling Winter,Gen5/poke_icon_0585_003_mf_n_00000000_f_n.png,585_winter.png
Sawsbuck Spring,Gen5/poke_icon_0586_000_mf_n_00000000_f_n.png,586_spring.png
Sawsbuck Summer,Gen5/poke_icon_0586_001_mf_n_00000000_f_n.png,586_summer.png
Sawsbuck Autumn,Gen5/poke_icon_0586_002_mf_n_00000000_f_n.png,586_autumn.png
Sawsbuck Winter,Gen5/poke_icon_0586_003_mf_n_00000000_f_n.png,586_winter.png
Emolga,Gen5/poke_icon_0587_000_mf_n_00000000_f_n.png,587.png
Karrablast,Gen5/poke_icon_0588_000_mf_n_00000000_f_n.png,588.png
Escavalier,Gen5/poke_icon_0589_000_mf_n_00000000_f_n.png,589.png
Foongus,Gen5/poke_icon_0590_000_mf_n_00000000_f_n.png,590.png
Amoonguss,Gen5/poke_icon_0591_000_mf_n_00000000_f_n.png,591.png
Frillish ♀,Gen5/poke_icon_0592_000_fd_n_00000000_f_n.png,592_female.png
Frillish ♂,Gen5/poke_icon_0592_000_md_n_00000000_f_n.png,592_male.png
Jellicent ♀,Gen5/poke_icon_0593_000_fd_n_00000000_f_n.png,593_female.png
Jellicent ♂,Gen5/poke_icon_0593_000_md_n_00000000_f_n.png,593_male.png
Alomomola,Gen5/poke_icon_0594_000_mf_n_00000000_f_n.png,594.png
Joltik,Gen5/poke_icon_0595_000_mf_n_00000000_f_n.png,595.png
Galvantula,Gen5/poke_icon_0596_000_mf_n_00000000_f_n.png,596.png
Ferroseed,Gen5/poke_icon_0597_000_mf_n_00000000_f_n.png,597.png
Ferrothorn,Gen5/poke_icon_0598_000_mf_n_00000000_f_n.png,598.png
Klink,Gen5/poke_icon_0599_000_uk_n_00000000_f_n.png,599.png
Klang,Gen5/poke_icon_0600_000_uk_n_00000000_f_n.png,600.png
Klinklang,Gen5/poke_icon_0601_000_uk_n_00000000_f_n.png,601.png
Tynamo,Gen5/poke_icon_0602_000_mf_n_00000000_f_n.png,602.png
Eelektrik,Gen5/poke_icon_0603_000_mf_n_00000000_f_n.png,603.png
Eelectross,Gen5/poke_icon_0604_000_mf_n_00000000_f_n.png,604.png
Elgyem,Gen5/poke_icon_0605_000_mf_n_00000000_f_n.png,605.png
Beheeyem,Gen5/poke_icon_0606_000_mf_n_00000000_f_n.png,606.png
Litwick,Gen5/poke_icon_0607_000_mf_n_00000000_f_n.png,607.png
Lampent,Gen5/poke_icon_0608_000_mf_n_00000000_f_n.png,608.png
Chandelure,Gen5/poke_icon_0609_000_mf_n_00000000_f_n.png,609.png
Axew,Gen5/poke_icon_0610_000_mf_n_00000000_f_n.png,610.png
Fraxure,Gen5/poke_icon_0611_000_mf_n_00000000_f_n.png,611.png
Haxorus,Gen5/poke_icon_0612_000_mf_n_00000000_f_n.png,612.png
Cubchoo,Gen5/poke_icon_0613_000_mf_n_00000000_f_n.png,613.png
Beartic,Gen5/poke_icon_0614_000_mf_n_00000000_f_n.png,614.png
Cryogonal,Gen5/poke_icon_0615_000_uk_n_00000000_f_n.png,615.png
Shelmet,Gen5/poke_icon_0616_000_mf_n_00000000_f_n.png,616.png
Accelgor,Gen5/poke_icon_0617_000_mf_n_00000000_f_n.png,617.png
Stunfisk,Gen5/poke_icon_0618_000_mf_n_00000000_f_n.png,618.png
Galarian Stunfisk,Gen5/poke_icon_0618_001_mf_n_00000000_f_n.png,618_galarian.png
Mienfoo,Gen5/poke_icon_0619_000_mf_n_00000000_f_n.png,619.png
Mienshao,Gen5/poke_icon_0620_000_mf_n_00000000_f_n.png,620.png
Druddigon,Gen5/poke_icon_0621_000_mf_n_00000000_f_n.png,621.png
Golett,Gen5/poke_icon_0622_000_uk_n_00000000_f_n.png,622.png
Golurk,Gen5/poke_icon_0623_000_uk_n_00000000_f_n.png,623.png
Pawniard,Gen5/poke_icon_0624_000_mf_n_00000000_f_n.png,624.png
Bisharp,Gen5/poke_icon_0625_000_mf_n_00000000_f_n.png,625.png
Bouffalant,Gen5/poke_icon_0626_000_mf_n_00000000_f_n.png,626.png
Rufflet,Gen5/poke_icon_0627_000_mo_n_00000000_f_n.png,627.png
Braviary,Gen5/poke_icon_0628_000_mo_n_00000000_f_n.png,628.png
Hisuian Braviary,Gen5/poke_icon_0628_001_mo_n_00000000_f_n.png,628_hisuian.png
Vullaby,Gen5/poke_icon_0629_000_fo_n_00000000_f_n.png,629.png
Mandibuzz,Gen5/poke_icon_0630_000_fo_n_00000000_f_n.png,630.png
Heatmor,Gen5/poke_icon_0631_000_mf_n_00000000_f_n.png,631.png
Durant,Gen5/poke_icon_0632_000_mf_n_00000000_f_n.png,632.png
Deino,Gen5/poke_icon_0633_000_mf_n_00000000_f_n.png,633.png
Zweilous,Gen5/poke_icon_0634_000_mf_n_00000000_f_n.png,634.png
Hydreigon,Gen5/poke_icon_0635_000_mf_n_00000000_f_n.png,635.png
Larvesta,Gen5/poke_icon_0636_000_mf_n_00000000_f_n.png,636.png
Volcarona,Gen5/poke_icon_0637_000_mf_n_00000000_f_n.png,637.png
Cobalion,Gen5/poke_icon_0638_000_uk_n_00000000_f_n.png,638.png
Terrakion,Gen5/poke_icon_0639_000_uk_n_00000000_f_n.png,639.png
Virizion,Gen5/poke_icon_0640_000_uk_n_00000000_f_n.png,640.png
Tornadus Incarnate,Gen5/poke_icon_0641_000_mo_n_00000000_f_n.png,641_incarnate.png
Tornadus Therian,Gen5/poke_icon_0641_001_mo_n_00000000_f_n.png,641_therian.png
Thundurus Incarnate,Gen5/poke_icon_0642_000_mo_n_00000000_f_n.png,642_incarnate.png
Thundurus Therian,Gen5/poke_icon_0642_001_mo_n_00000000_f_n.png,642_therian.png
Reshiram,Gen5/poke_icon_0643_000_uk_n_00000000_f_n.png,643.png
Zekrom,Gen5/poke_icon_0644_000_uk_n_00000000_f_n.png,644.png
Landorus Incarnate,Gen5/poke_icon_0645_000_mo_n_00000000_f_n.png,645_incarnate.png
Landorus Therian,Gen5/poke_icon_0645_001_mo_n_00000000_f_n.png,645_therian.png
Kyurem,Gen5/poke_icon_0646_000_uk_n_00000000_f_n.png,646.png
Kyurem White,Gen5/poke_icon_0646_001_uk_n_00000000_f_n.png,646_white.png
Kyurem Black,Gen5/poke_icon_0646_002_uk_n_00000000_f_n.png,646_black.png
Keldeo,Gen5/poke_icon_0647_000_uk_n_00000000_f_n.png,647.png
Keldeo Resolute,Gen5/poke_icon_0647_001_uk_n_00000000_f_n.png,647_resolute.png
Meloetta Aria,Gen5/poke_icon_0648_000_uk_n_00000000_f_n.png,648_aria.png
Meloetta Pirouette,Gen5/poke_icon_0648_001_uk_n_00000000_f_n.png,648_pirouette.png
Genesect,Gen5/poke_icon_0649_000_uk_n_00000000_f_n.png,649.png
Chespin,Gen6/poke_icon_0650_000_mf_n_00000000_f_n.png,650.png
Quilladin,Gen6/poke_icon_0651_000_mf_n_00000000_f_n.png,651.png
Chesnaught,Gen6/poke_icon_0652_000_mf_n_00000000_f_n.png,652.png
Fennekin,Gen6/poke_icon_0653_000_mf_n_00000000_f_n.png,653.png
Braixen,Gen6/poke_icon_0654_000_mf_n_00000000_f_n.png,654.png
Delphox,Gen6/poke_icon_0655_000_mf_n_00000000_f_n.png,655.png
Froakie,Gen6/poke_icon_0656_000_mf_n_00000000_f_n.png,656.png
Frogadier,Gen6/poke_icon_0657_000_mf_n_00000000_f_n.png,657.png
Greninja,Gen6/poke_icon_0658_000_mf_n_00000000_f_n.png,658.png
Bunnelby,Gen6/poke_icon_0659_000_mf_n_00000000_f_n.png,659.png
Diggersby,Gen6/poke_icon_0660_000_mf_n_00000000_f_n.png,660.png
Fletchling,Gen6/poke_icon_0661_000_mf_n_00000000_f_n.png,661.png
Fletchinder,Gen6/poke_icon_0662_000_mf_n_00000000_f_n.png,662.png
Talonflame,Gen6/poke_icon_0663_000_mf_n_00000000_f_n.png,663.png
Scatterbug,Gen6/poke_icon_0664_000_mf_n_00000000_f_n.png,664.png
Spewpa,Gen6/poke_icon_0665_000_mf_n_00000000_f_n.png,665.png
Vivillon Icy Snow,Gen6/poke_icon_0666_000_mf_n_00000000_f_n.png,666_icy_snow.png
Vivillon Polar,Gen6/poke_icon_0666_001_mf_n_00000000_f_n.png,666_polar.png
Vivillon Tundra,Gen6/poke_icon_0666_002_mf_n_00000000_f_n.png,666_tundra.png
Vivillon Continental,Gen6/poke_icon_0666_003_mf_n_00000000_f_n.png,666_continental.png
Vivillon Garden,Gen6/poke_icon_0666_004_mf_n_00000000_f_n.png,666_garden.png
Vivillon Elegant,Gen6/poke_icon_0666_005_mf_n_00000000_f_n.png,666_elegant.png
Vivillon Meadow,Gen6/poke_icon_0666_006_mf_n_00000000_f_n.png,666_meadow.png
Vivillon Modern,Gen6/poke_icon_0666_007_mf_n_00000000_f_n.png,666_modern.png
Vivillon Marine,Gen6/poke_icon_0666_008_mf_n_00000000_f_n.png,666_marine.png
Vivillon Archipelago,Gen6/poke_icon_0666_009_mf_n_00000000_f_n.png,666_archipelago.png
Vivillon High Plains,Gen6/poke_icon_0666_010_mf_n_00000000_f_n.png,666_high_plains.png
Vivillon Sandstorm,Gen6/poke_icon_0666_011_mf_n_00000000_f_n.png,666_sandstorm.png
Vivillon River,Gen6/poke_icon_0666_012_mf_n_00000000_f_n.png,666_river.png
Vivillon Monsoon,Gen6/poke_icon_0666_013_mf_n_00000000_f_n.png,666_monsoon.png
Vivillon Savannah,Gen6/poke_icon_0666_014_mf_n_00000000_f_n.png,666_savannah.png
Vivillon Sun,Gen6/poke_icon_0666_015_mf_n_00000000_f_n.png,666_sun.png
Vivillon Ocean,Gen6/poke_icon_0666_016_mf_n_00000000_f_n.png,666_ocean.png
Vivillon Jungle,Gen6/poke_icon_0666_017_mf_n_00000000_f_n.png,666_jungle.png
Vivillon Fancy,Gen6/poke_icon_0666_018_mf_n_00000000_f_n.png,666_fancy.png
Vivillon Pokeball,Gen6/poke_icon_0666_019_mf_n_00000000_f_n.png,666_pokeball.png
Litleo,Gen6/poke_icon_0667_000_mf_n_00000000_f_n.png,667.png
Pyroar ♀,Gen6/poke_icon_0668_000_fd_n_00000000_f_n.png,668_female.png
Pyroar ♂,Gen6/poke_icon_0668_000_md_n_00000000_f_n.png,668_male.png
Flabébé Red,Gen6/poke_icon_0669_000_fo_n_00000000_f_n.png,669_red.png
Flabébé Yellow,Gen6/poke_icon_0669_001_fo_n_00000000_f_n.png,669_yellow.png
Flabébé Orange,Gen6/poke_icon_0669_002_fo_n_00000000_f_n.png,669_orange.png
Flabébé Blue,Gen6/poke_icon_0669_003_fo_n_00000000_f_n.png,669_blue.png
Flabébé White,Gen6/poke_icon_0669_004_fo_n_00000000_f_n.png,669_white.png
Floette Red,Gen6/poke_icon_0670_000_fo_n_00000000_f_n.png,670_red.png
Floette Yellow,Gen6/poke_icon_0670_001_fo_n_00000000_f_n.png,670_yellow.png
Floette Orange,Gen6/poke_icon_0670_002_fo_n_00000000_f_n.png,670_orange.png
Floette Blue,Gen6/poke_icon_0670_003_fo_n_00000000_f_n.png,670_blue.png
Floette White,Gen6/poke_icon_0670_004_fo_n_00000000_f_n.png,670_white.png
Florges Red,Gen6/poke_icon_0671_000_fo_n_00000000_f_n.png,671_red.png
Florges Yellow,Gen6/poke_icon_0671_001_fo_n_00000000_f_n.png,671_yellow.png
Florges Orange,Gen6/poke_icon_0671_002_fo_n_00000000_f_n.png,671_orange.png
Florges Blue,Gen6/poke_icon_0671_003_fo_n_00000000_f_n.png,671_blue.png
Florges White,Gen6/poke_icon_0671_004_fo_n_00000000_f_n.png,671_white.png
Skiddo,Gen6/poke_icon_0672_000_mf_n_00000000_f_n.png,672.png
Gogoat,Gen6/poke_icon_0673_000_mf_n_00000000_f_n.png,673.png
Pancham,Gen6/poke_icon_0674_000_mf_n_00000000_f_n.png,674.png
Pangoro,Gen6/poke_icon_0675_000_mf_n_00000000_f_n.png,675.png
Furfrou,Gen6/poke_icon_0676_000_mf_n_00000000_f_n.png,676.png
Furfrou Heart,Gen6/poke_icon_0676_001_mf_n_00000000_f_n.png,676_heart.png
Furfrou Star,Gen6/poke_icon_0676_002_mf_n_00000000_f_n.png,676_star.png
Furfrou Diamond,Gen6/poke_icon_0676_003_mf_n_00000000_f_n.png,676_diamond.png
Furfrou Debutante,Gen6/poke_icon_0676_004_mf_n_00000000_f_n.png,676_debutante.png
Furfrou Matron,Gen6/poke_icon_0676_005_mf_n_00000000_f_n.png,676_matron.png
Furfrou Dandy,Gen6/poke_icon_0676_006_mf_n_00000000_f_n.png,676_dandy.png
Furfrou La Reine,Gen6/poke_icon_0676_007_mf_n_00000000_f_n.png,676_la_reine.png
Furfrou Kabuki,Gen6/poke_icon_0676_008_mf_n_00000000_f_n.png,676_kabuki.png
Furfrou Pharoah,Gen6/poke_icon_0676_009_mf_n_00000000_f_n.png,676_pharoah.png
Espurr,Gen6/poke_icon_0677_000_mf_n_00000000_f_n.png,677.png
Meowstic ♀,Gen6/poke_icon_0678_001_fo_n_00000000_f_n.png,678_female.png
Meowstic ♂,Gen6/poke_icon_0678_000_mo_n_00000000_f_n.png,678_male.png
Honedge,Gen6/poke_icon_0679_000_mf_n_00000000_f_n.png,679.png
Doublade,Gen6/poke_icon_0680_000_mf_n_00000000_f_n.png,680.png
Aegislash,Gen6/poke_icon_0681_000_mf_n_00000000_f_n.png,681.png
Spritzee,Gen6/poke_icon_0682_000_mf_n_00000000_f_n.png,682.png
Aromatisse,Gen6/poke_icon_0683_000_mf_n_00000000_f_n.png,683.png
Swirlix,Gen6/poke_icon_0684_000_mf_n_00000000_f_n.png,684.png
Slurpuff,Gen6/poke_icon_0685_000_mf_n_00000000_f_n.png,685.png
Inkay,Gen6/poke_icon_0686_000_mf_n_00000000_f_n.png,686.png
Malamar,Gen6/poke_icon_0687_000_mf_n_00000000_f_n.png,687.png
Binacle,Gen6/poke_icon_0688_000_mf_n_00000000_f_n.png,688.png
Barbaracle,Gen6/poke_icon_0689_000_mf_n_00000000_f_n.png,689.png
Skrelp,Gen6/poke_icon_0690_000_mf_n_00000000_f_n.png,690.png
Dragalge,Gen6/poke_icon_0691_000_mf_n_00000000_f_n.png,691.png
Clauncher,Gen6/poke_icon_0692_000_mf_n_00000000_f_n.png,692.png
Clawitzer,Gen6/poke_icon_0693_000_mf_n_00000000_f_n.png,693.png
Helioptile,Gen6/poke_icon_0694_000_mf_n_00000000_f_n.png,694.png
Heliolisk,Gen6/poke_icon_0695_000_mf_n_00000000_f_n.png,695.png
Tyrunt,Gen6/poke_icon_0696_000_mf_n_00000000_f_n.png,696.png
Tyrantrum,Gen6/poke_icon_0697_000_mf_n_00000000_f_n.png,697.png
Amaura,Gen6/poke_icon_0698_000_mf_n_00000000_f_n.png,698.png
Aurorus,Gen6/poke_icon_0699_000_mf_n_00000000_f_n.png,699.png
Sylveon,Gen6/poke_icon_0700_000_mf_n_00000000_f_n.png,700.png
Hawlucha,Gen6/poke_icon_0701_000_mf_n_00000000_f_n.png,701.png
Dedenne,Gen6/poke_icon_0702_000_mf_n_00000000_f_n.png,702.png
Carbink,Gen6/poke_icon_0703_000_uk_n_00000000_f_n.png,703.png
Goomy,Gen6/poke_icon_0704_000_mf_n_00000000_f_n.png,704.png
Sliggoo,Gen6/poke_icon_0705_000_mf_n_00000000_f_n.png,705.png
Hisuian Sliggoo,Gen6/poke_icon_0705_001_mf_n_00000000_f_n.png,705_hisuian.png
Goodra,Gen6/poke_icon_0706_000_mf_n_00000000_f_n.png,706.png
Hisuian Goodra,Gen6/poke_icon_0706_001_mf_n_00000000_f_n.png,706_hisuian.png
Klefki,Gen6/poke_icon_0707_000_mf_n_00000000_f_n.png,707.png
Phantump,Gen6/poke_icon_0708_000_mf_n_00000000_f_n.png,708.png
Trevenant,Gen6/poke_icon_0709_000_mf_n_00000000_f_n.png,709.png
Pumpkaboo Average,Gen6/poke_icon_0710_000_mf_n_00000000_f_n.png,710_average.png
Pumpkaboo Small,Gen6/poke_icon_0710_001_mf_n_00000000_f_n.png,710_small.png
Pumpkaboo Large,Gen6/poke_icon_0710_002_mf_n_00000000_f_n.png,710_large.png
Pumpkaboo Super,Gen6/poke_icon_0710_003_mf_n_00000000_f_n.png,710_super.png
Gourgeist Average,Gen6/poke_icon_0711_000_mf_n_00000000_f_n.png,711_average.png
Gourgeist Small,Gen6/poke_icon_0711_001_mf_n_00000000_f_n.png,711_small.png
Gourgeist Large,Gen6/poke_icon_0711_002_mf_n_00000000_f_n.png,711_large.png
Gourgeist Super,Gen6/poke_icon_0711_003_mf_n_00000000_f_n.png,711_super.png
Bergmite,Gen6/poke_icon_0712_000_mf_n_00000000_f_n.png,712.png
Avalugg,Gen6/poke_icon_0713_000_mf_n_00000000_f_n.png,713.png
Hisuian Avalugg,Gen6/poke_icon_0713_001_mf_n_00000000_f_n.png,713_hisuian.png
Noibat,Gen6/poke_icon_0714_000_mf_n_00000000_f_n.png,714.png
Noivern,Gen6/poke_icon_0715_000_mf_n_00000000_f_n.png,715.png
Xerneas,Gen6/poke_icon_0716_000_uk_n_00000000_f_n.png,716.png
Xerneas Active,Gen6/poke_icon_0716_001_uk_n_00000000_f_n.png,716_active.png
Yveltal,Gen6/poke_icon_0717_000_uk_n_00000000_f_n.png,717.png
Zygarde 50%,Gen6/poke_icon_0718_000_uk_n_00000000_f_n.png,718_50.png
Zygarde 10%,Gen6/poke_icon_0718_001_uk_n_00000000_f_n.png,718_10.png
Zygarde Complete,Gen6/poke_icon_0718_004_uk_n_00000000_f_n.png,718_complete.png
Diancie,Gen6/poke_icon_0719_000_uk_n_00000000_f_n.png,719.png
Hoopa Confined,Gen6/poke_icon_0720_000_uk_n_00000000_f_n.png,720_confined.png
Hoopa Unbound,Gen6/poke_icon_0720_001_uk_n_00000000_f_n.png,720_unbound.png
Volcanion,Gen6/poke_icon_0721_000_uk_n_00000000_f_n.png,721.png
Rowlet,Gen7/poke_icon_0722_000_mf_n_00000000_f_n.png,722.png
Dartrix,Gen7/poke_icon_0723_000_mf_n_00000000_f_n.png,723.png
Decidueye,Gen7/poke_icon_0724_000_mf_n_00000000_f_n.png,724.png
Hisuian Decidueye,Gen7/poke_icon_0724_001_mf_n_00000000_f_n.png,724_hisuian.png
Litten,Gen7/poke_icon_0725_000_mf_n_00000000_f_n.png,725.png
Torracat,Gen7/poke_icon_0726_000_mf_n_00000000_f_n.png,726.png
Incineroar,Gen7/poke_icon_0727_000_mf_n_00000000_f_n.png,727.png
Popplio,Gen7/poke_icon_0728_000_mf_n_00000000_f_n.png,728.png
Brionne,Gen7/poke_icon_0729_000_mf_n_00000000_f_n.png,729.png
Primarina,Gen7/poke_icon_0730_000_mf_n_00000000_f_n.png,730.png
Pikipek,Gen7/poke_icon_0731_000_mf_n_00000000_f_n.png,731.png
Trumbeak,Gen7/poke_icon_0732_000_mf_n_00000000_f_n.png,732.png
Toucannon,Gen7/poke_icon_0733_000_mf_n_00000000_f_n.png,733.png
Yungoos,Gen7/poke_icon_0734_000_mf_n_00000000_f_n.png,734.png
Gumshoos,Gen7/poke_icon_0735_000_mf_n_00000000_f_n.png,735.png
Grubbin,Gen7/poke_icon_0736_000_mf_n_00000000_f_n.png,736.png
Charjabug,Gen7/poke_icon_0737_000_mf_n_00000000_f_n.png,737.png
Vikavolt,Gen7/poke_icon_0738_000_mf_n_00000000_f_n.png,738.png
Crabrawler,Gen7/poke_icon_0739_000_mf_n_00000000_f_n.png,739.png
Crabominable,Gen7/poke_icon_0740_000_mf_n_00000000_f_n.png,740.png
Oricorio Baile,Gen7/poke_icon_0741_000_mf_n_00000000_f_n.png,741_baile.png
Oricorio Pom-Pom,Gen7/poke_icon_0741_001_mf_n_00000000_f_n.png,741_pompom.png
Oricorio P'au,Gen7/poke_icon_0741_002_mf_n_00000000_f_n.png,741_pau.png
Oricorio Sensu,Gen7/poke_icon_0741_003_mf_n_00000000_f_n.png,741_sensu.png
Cutiefly,Gen7/poke_icon_0742_000_mf_n_00000000_f_n.png,742.png
Ribombee,Gen7/poke_icon_0743_000_mf_n_00000000_f_n.png,743.png
Rockruff,Gen7/poke_icon_0744_000_mf_n_00000000_f_n.png,744.png
Lycanroc Midday,Gen7/poke_icon_0745_000_mf_n_00000000_f_n.png,745_midday.png
Lycanroc Midnight,Gen7/poke_icon_0745_001_mf_n_00000000_f_n.png,745_midnight.png
Lycanroc Dusk,Gen7/poke_icon_0745_002_mf_n_00000000_f_n.png,745_dusk.png
Wishiwashi Solo,Gen7/poke_icon_0746_000_mf_n_00000000_f_n.png,746_solo.png
Wishiwashi School,Gen7/poke_icon_0746_001_mf_n_00000000_f_n.png,746_school.png
Mareanie,Gen7/poke_icon_0747_000_mf_n_00000000_f_n.png,747.png
Toxapex,Gen7/poke_icon_0748_000_mf_n_00000000_f_n.png,748.png
Mudbray,Gen7/poke_icon_0749_000_mf_n_00000000_f_n.png,749.png
Mudsdale,Gen7/poke_icon_0750_000_mf_n_00000000_f_n.png,750.png
Dewpider,Gen7/poke_icon_0751_000_mf_n_00000000_f_n.png,751.png
Araquanid,Gen7/poke_icon_0752_000_mf_n_00000000_f_n.png,752.png
Fomantis,Gen7/poke_icon_0753_000_mf_n_00000000_f_n.png,753.png
Lurantis,Gen7/poke_icon_0754_000_mf_n_00000000_f_n.png,754.png
Morelull,Gen7/poke_icon_0755_000_mf_n_00000000_f_n.png,755.png
Shiinotic,Gen7/poke_icon_0756_000_mf_n_00000000_f_n.png,756.png
Salandit,Gen7/poke_icon_0757_000_mf_n_00000000_f_n.png,757.png
Salazzle,Gen7/poke_icon_0758_000_fo_n_00000000_f_n.png,758.png
Stufful,Gen7/poke_icon_0759_000_mf_n_00000000_f_n.png,759.png
Bewear,Gen7/poke_icon_0760_000_mf_n_00000000_f_n.png,760.png
Bounsweet,Gen7/poke_icon_0761_000_fo_n_00000000_f_n.png,761.png
Steenee,Gen7/poke_icon_0762_000_fo_n_00000000_f_n.png,762.png
Tsareena,Gen7/poke_icon_0763_000_fo_n_00000000_f_n.png,763.png
Comfey,Gen7/poke_icon_0764_000_mf_n_00000000_f_n.png,764.png
Oranguru,Gen7/poke_icon_0765_000_mf_n_00000000_f_n.png,765.png
Passimian,Gen7/poke_icon_0766_000_mf_n_00000000_f_n.png,766.png
Wimpod,Gen7/poke_icon_0767_000_mf_n_00000000_f_n.png,767.png
Golisopod,Gen7/poke_icon_0768_000_mf_n_00000000_f_n.png,768.png
Sandygast,Gen7/poke_icon_0769_000_mf_n_00000000_f_n.png,769.png
Palossand,Gen7/poke_icon_0770_000_mf_n_00000000_f_n.png,770.png
Pyukumuku,Gen7/poke_icon_0771_000_mf_n_00000000_f_n.png,771.png
Type: Null,Gen7/poke_icon_0772_000_uk_n_00000000_f_n.png,772.png
Silvally,Gen7/poke_icon_0773_000_uk_n_00000000_f_n.png,773.png
Minior Meteor,Gen7/poke_icon_0774_000_uk_n_00000000_f_n.png,774_meteor.png
Minior Red,Gen7/poke_icon_0774_007_uk_n_00000000_f_n.png,774_red.png
Minior Orange,Gen7/poke_icon_0774_008_uk_n_00000000_f_n.png,774_orange.png
Minior Yellow,Gen7/poke_icon_0774_009_uk_n_00000000_f_n.png,774_yellow.png
Minior Green,Gen7/poke_icon_0774_010_uk_n_00000000_f_n.png,774_green.png
Minior Blue,Gen7/poke_icon_0774_011_uk_n_00000000_f_n.png,774_blue.png
Minior Indigo,Gen7/poke_icon_0774_012_uk_n_00000000_f_n.png,774_indigo.png
Minior Purple,Gen7/poke_icon_0774_013_uk_n_00000000_f_n.png,774_purple.png
Komala,Gen7/poke_icon_0775_000_mf_n_00000000_f_n.png,775.png
Turtonator,Gen7/poke_icon_0776_000_mf_n_00000000_f_n.png,776.png
Togedemaru,Gen7/poke_icon_0777_000_mf_n_00000000_f_n.png,777.png
Mimikyu,Gen7/poke_icon_0778_000_mf_n_00000000_f_n.png,778.png
Bruxish,Gen7/poke_icon_0779_000_mf_n_00000000_f_n.png,779.png
Drampa,Gen7/poke_icon_0780_000_mf_n_00000000_f_n.png,780.png
Dhelmise,Gen7/poke_icon_0781_000_uk_n_00000000_f_n.png,781.png
Jangmo-o,Gen7/poke_icon_0782_000_mf_n_00000000_f_n.png,782.png
Hakamo-o,Gen7/poke_icon_0783_000_mf_n_00000000_f_n.png,783.png
Kommo-o,Gen7/poke_icon_0784_000_mf_n_00000000_f_n.png,784.png
Tapu Koko,Gen7/poke_icon_0785_000_uk_n_00000000_f_n.png,785.png
Tapu Lele,Gen7/poke_icon_0786_000_uk_n_00000000_f_n.png,786.png
Tapu Bulu,Gen7/poke_icon_0787_000_uk_n_00000000_f_n.png,787.png
Tapu Fini,Gen7/poke_icon_0788_000_uk_n_00000000_f_n.png,788.png
Cosmog,Gen7/poke_icon_0789_000_uk_n_00000000_f_n.png,789.png
Cosmoem,Gen7/poke_icon_0790_000_uk_n_00000000_f_n.png,790.png
Solgaleo,Gen7/poke_icon_0791_000_uk_n_00000000_f_n.png,791.png
Lunala,Gen7/poke_icon_0792_000_uk_n_00000000_f_n.png,792.png
Nihilego,Gen7/poke_icon_0793_000_uk_n_00000000_f_n.png,793.png
Buzzwole,Gen7/poke_icon_0794_000_uk_n_00000000_f_n.png,794.png
Pheromosa,Gen7/poke_icon_0795_000_uk_n_00000000_f_n.png,795.png
Xurkitree,Gen7/poke_icon_0796_000_uk_n_00000000_f_n.png,796.png
Celesteela,Gen7/poke_icon_0797_000_uk_n_00000000_f_n.png,797.png
Kartana,Gen7/poke_icon_0798_000_uk_n_00000000_f_n.png,798.png
Guzzlord,Gen7/poke_icon_0799_000_uk_n_00000000_f_n.png,799.png
Necrozma,Gen7/poke_icon_0800_000_uk_n_00000000_f_n.png,800.png
Necrozma Dusk Mane,Gen7/poke_icon_0800_001_uk_n_00000000_f_n.png,800_dusk_mane.png
Necrozma Dawn Wings,Gen7/poke_icon_0800_002_uk_n_00000000_f_n.png,800_dawn_wings.png
Necrozma Ultra,Gen7/poke_icon_0800_003_uk_n_00000000_f_n.png,800_ultra.png
Magearna,Gen7/poke_icon_0801_000_uk_n_00000000_f_n.png,801.png
Magearna Original,Gen7/poke_icon_0801_001_uk_n_00000000_f_n.png,801_original.png
Marshadow,Gen7/poke_icon_0802_000_uk_n_00000000_f_n.png,802.png
Poipole,Gen7/poke_icon_0803_000_uk_n_00000000_f_n.png,803.png
Naganadel,Gen7/poke_icon_0804_000_uk_n_00000000_f_n.png,804.png
Stakataka,Gen7/poke_icon_0805_000_uk_n_00000000_f_n.png,805.png
Blacephalon,Gen7/poke_icon_0806_000_uk_n_00000000_f_n.png,806.png
Zeraora,Gen7/poke_icon_0807_000_uk_n_00000000_f_n.png,807.png
Meltan,Gen7/poke_icon_0808_000_uk_n_00000000_f_n.png,808.png
Melmetal,Gen7/poke_icon_0809_000_uk_n_00000000_f_n.png,809.png
Grookey,Gen8/poke_icon_0810_000_mf_n_00000000_f_n.png,810.png
Thwackey,Gen8/poke_icon_0811_000_mf_n_00000000_f_n.png,811.png
Rillaboom,Gen8/poke_icon_0812_000_mf_n_00000000_f_n.png,812.png
Scorbunny,Gen8/poke_icon_0813_000_mf_n_00000000_f_n.png,813.png
Raboot,Gen8/poke_icon_0814_000_mf_n_00000000_f_n.png,814.png
Cinderace,Gen8/poke_icon_0815_000_mf_n_00000000_f_n.png,815.png
Sobble,Gen8/poke_icon_0816_000_mf_n_00000000_f_n.png,816.png
Drizzile,Gen8/poke_icon_0817_000_mf_n_00000000_f_n.png,817.png
Inteleon,Gen8/poke_icon_0818_000_mf_n_00000000_f_n.png,818.png
Skwovet,Gen8/poke_icon_0819_000_mf_n_00000000_f_n.png,819.png
Greedent,Gen8/poke_icon_0820_000_mf_n_00000000_f_n.png,820.png
Rookidee,Gen8/poke_icon_0821_000_mf_n_00000000_f_n.png,821.png
Corvisquire,Gen8/poke_icon_0822_000_mf_n_00000000_f_n.png,822.png
Corviknight,Gen8/poke_icon_0823_000_mf_n_00000000_f_n.png,823.png
Blipbug,Gen8/poke_icon_0824_000_mf_n_00000000_f_n.png,824.png
Dottler,Gen8/poke_icon_0825_000_mf_n_00000000_f_n.png,825.png
Orbeetle,Gen8/poke_icon_0826_000_mf_n_00000000_f_n.png,826.png
Nickit,Gen8/poke_icon_0827_000_mf_n_00000000_f_n.png,827.png
Thievul,Gen8/poke_icon_0828_000_mf_n_00000000_f_n.png,828.png
Gossifleur,Gen8/poke_icon_0829_000_mf_n_00000000_f_n.png,829.png
Eldegoss,Gen8/poke_icon_0830_000_mf_n_00000000_f_n.png,830.png
Wooloo,Gen8/poke_icon_0831_000_mf_n_00000000_f_n.png,831.png
Dubwool,Gen8/poke_icon_0832_000_mf_n_00000000_f_n.png,832.png
Chewtle,Gen8/poke_icon_0833_000_mf_n_00000000_f_n.png,833.png
Drednaw,Gen8/poke_icon_0834_000_mf_n_00000000_f_n.png,834.png
Yamper,Gen8/poke_icon_0835_000_mf_n_00000000_f_n.png,835.png
Boltund,Gen8/poke_icon_0836_000_mf_n_00000000_f_n.png,836.png
Rolycoly,Gen8/poke_icon_0837_000_mf_n_00000000_f_n.png,837.png
Carkol,Gen8/poke_icon_0838_000_mf_n_00000000_f_n.png,838.png
Coalossal,Gen8/poke_icon_0839_000_mf_n_00000000_f_n.png,839.png
Applin,Gen8/poke_icon_0840_000_mf_n_00000000_f_n.png,840.png
Flapple,Gen8/poke_icon_0841_000_mf_n_00000000_f_n.png,841.png
Appletun,Gen8/poke_icon_0842_000_mf_n_00000000_f_n.png,842.png
Silicobra,Gen8/poke_icon_0843_000_mf_n_00000000_f_n.png,843.png
Sandaconda,Gen8/poke_icon_0844_000_mf_n_00000000_f_n.png,844.png
Cramorant,Gen8/poke_icon_0845_000_mf_n_00000000_f_n.png,845.png
Arrokuda,Gen8/poke_icon_0846_000_mf_n_00000000_f_n.png,846.png
Barraskewda,Gen8/poke_icon_0847_000_mf_n_00000000_f_n.png,847.png
Toxel,Gen8/poke_icon_0848_000_mf_n_00000000_f_n.png,848.png
Toxtricity Amped,Gen8/poke_icon_0849_000_mf_n_00000000_f_n.png,849_amped.png
Toxtricity Low Key,Gen8/poke_icon_0849_001_mf_n_00000000_f_n.png,849_low_key.png
Sizzlipede,Gen8/poke_icon_0850_000_mf_n_00000000_f_n.png,850.png
Centiskorch,Gen8/poke_icon_0851_000_mf_n_00000000_f_n.png,851.png
Clobbopus,Gen8/poke_icon_0852_000_mf_n_00000000_f_n.png,852.png
Grapploct,Gen8/poke_icon_0853_000_mf_n_00000000_f_n.png,853.png
Sinistea,Gen8/poke_icon_0854_000_uk_n_00000000_f_n.png,854.png
Polteageist,Gen8/poke_icon_0855_000_uk_n_00000000_f_n.png,855.png
Hatenna,Gen8/poke_icon_0856_000_fo_n_00000000_f_n.png,856.png
Hattrem,Gen8/poke_icon_0857_000_fo_n_00000000_f_n.png,857.png
Hatterene,Gen8/poke_icon_0858_000_fo_n_00000000_f_n.png,858.png
Impidimp,Gen8/poke_icon_0859_000_mo_n_00000000_f_n.png,859.png
Morgrem,Gen8/poke_icon_0860_000_mo_n_00000000_f_n.png,860.png
Grimmsnarl,Gen8/poke_icon_0861_000_mo_n_00000000_f_n.png,861.png
Obstagoon,Gen8/poke_icon_0862_000_mf_n_00000000_f_n.png,862.png
Perrserker,Gen8/poke_icon_0863_000_mf_n_00000000_f_n.png,863.png
Cursola,Gen8/poke_icon_0864_000_mf_n_00000000_f_n.png,864.png
Sirfetch'd,Gen8/poke_icon_0865_000_mf_n_00000000_f_n.png,865.png
Mr. Rime,Gen8/poke_icon_0866_000_mf_n_00000000_f_n.png,866.png
Runerigus,Gen8/poke_icon_0867_000_mf_n_00000000_f_n.png,867.png
Milcery,Gen8/poke_icon_0868_000_fo_n_00000000_f_n.png,868.png
Alcremie Vanilla Strawberry,Gen8/poke_icon_0869_000_fo_n_00000000_f_n.png,869_vanilla_strawberry.png
Alcremie Vanilla Berry,Gen8/poke_icon_0869_000_fo_n_00000001_f_n.png,869_vanilla_berry.png
Alcremie Vanilla Love,Gen8/poke_icon_0869_000_fo_n_00000002_f_n.png,869_vanilla_love.png
Alcremie Vanilla Star,Gen8/poke_icon_0869_000_fo_n_00000003_f_n.png,869_vanilla_star.png
Alcremie Vanilla Clover,Gen8/poke_icon_0869_000_fo_n_00000004_f_n.png,869_vanilla_clover.png
Alcremie Vanilla Flower,Gen8/poke_icon_0869_000_fo_n_00000005_f_n.png,869_vanilla_flower.png
Alcremie Vanilla Ribbon,Gen8/poke_icon_0869_000_fo_n_00000006_f_n.png,869_vanilla_ribbon.png
Alcremie Ruby Strawberry,Gen8/poke_icon_0869_001_fo_n_00000000_f_n.png,869_ruby_strawberry.png
Alcremie Ruby Berry,Gen8/poke_icon_0869_001_fo_n_00000001_f_n.png,869_ruby_berry.png
Alcremie Ruby Love,Gen8/poke_icon_0869_001_fo_n_00000002_f_n.png,869_ruby_love.png
Alcremie Ruby Star,Gen8/poke_icon_0869_001_fo_n_00000003_f_n.png,869_ruby_star.png
Alcremie Ruby Clover,Gen8/poke_icon_0869_001_fo_n_00000004_f_n.png,869_ruby_clover.png
Alcremie Ruby Flower,Gen8/poke_icon_0869_001_fo_n_00000005_f_n.png,869_ruby_flower.png
Alcremie Ruby Ribbon,Gen8/poke_icon_0869_001_fo_n_00000006_f_n.png,869_ruby_ribbon.png
Alcremie Matcha Strawberry,Gen8/poke_icon_0869_002_fo_n_00000000_f_n.png,869_matcha_strawberry.png
Alcremie Matcha Berry,Gen8/poke_icon_0869_002_fo_n_00000001_f_n.png,869_matcha_berry.png
Alcremie Matcha Love,Gen8/poke_icon_0869_002_fo_n_00000002_f_n.png,869_matcha_love.png
Alcremie Matcha Star,Gen8/poke_icon_0869_002_fo_n_00000003_f_n.png,869_matcha_star.png
Alcremie Matcha Clover,Gen8/poke_icon_0869_002_fo_n_00000004_f_n.png,869_matcha_clover.png
Alcremie Matcha Flower,Gen8/poke_icon_0869_002_fo_n_00000005_f_n.png,869_matcha_flower.png
Alcremie Matcha Ribbon,Gen8/poke_icon_0869_002_fo_n_00000006_f_n.png,869_matcha_ribbon.png
Alcremie Mint Strawberry,Gen8/poke_icon_0869_003_fo_n_00000000_f_n.png,869_mint_strawberry.png
Alcremie Mint Berry,Gen8/poke_icon_0869_003_fo_n_00000001_f_n.png,869_mint_berry.png
Alcremie Mint Love,Gen8/poke_icon_0869_003_fo_n_00000002_f_n.png,869_mint_love.png
Alcremie Mint Star,Gen8/poke_icon_0869_003_fo_n_00000003_f_n.png,869_mint_star.png
Alcremie Mint Clover,Gen8/poke_icon_0869_003_fo_n_00000004_f_n.png,869_mint_clover.png
Alcremie Mint Flower,Gen8/poke_icon_0869_003_fo_n_00000005_f_n.png,869_mint_flower.png
Alcremie Mint Ribbon,Gen8/poke_icon_0869_003_fo_n_00000006_f_n.png,869_mint_ribbon.png
Alcremie Lemon Strawberry,Gen8/poke_icon_0869_004_fo_n_00000000_f_n.png,869_lemon_strawberry.png
Alcremie Lemon Berry,Gen8/poke_icon_0869_004_fo_n_00000001_f_n.png,869_lemon_berry.png
Alcremie Lemon Love,Gen8/poke_icon_0869_004_fo_n_00000002_f_n.png,869_lemon_love.png
Alcremie Lemon Star,Gen8/poke_icon_0869_004_fo_n_00000003_f_n.png,869_lemon_star.png
Alcremie Lemon Clover,Gen8/poke_icon_0869_004_fo_n_00000004_f_n.png,869_lemon_clover.png
Alcremie Lemon Flower,Gen8/poke_icon_0869_004_fo_n_00000005_f_n.png,869_lemon_flower.png
Alcremie Lemon Ribbon,Gen8/poke_icon_0869_004_fo_n_00000006_f_n.png,869_lemon_ribbon.png
Alcremie Salted Strawberry,Gen8/poke_icon_0869_005_fo_n_00000000_f_n.png,869_salted_strawberry.png
Alcremie Salted Berry,Gen8/poke_icon_0869_005_fo_n_00000001_f_n.png,869_salted_berry.png
Alcremie Salted Love,Gen8/poke_icon_0869_005_fo_n_00000002_f_n.png,869_salted_love.png
Alcremie Salted Star,Gen8/poke_icon_0869_005_fo_n_00000003_f_n.png,869_salted_star.png
Alcremie Salted Clover,Gen8/poke_icon_0869_005_fo_n_00000004_f_n.png,869_salted_clover.png
Alcremie Salted Flower,Gen8/poke_icon_0869_005_fo_n_00000005_f_n.png,869_salted_flower.png
Alcremie Salted Ribbon,Gen8/poke_icon_0869_005_fo_n_00000006_f_n.png,869_salted_ribbon.png
Alcremie Ruby Swirl Strawberry,Gen8/poke_icon_0869_006_fo_n_00000000_f_n.png,869_ruby_swirl_strawberry.png
Alcremie Ruby Swirl Berry,Gen8/poke_icon_0869_006_fo_n_00000001_f_n.png,869_ruby_swirl_berry.png
Alcremie Ruby Swirl Love,Gen8/poke_icon_0869_006_fo_n_00000002_f_n.png,869_ruby_swirl_love.png
Alcremie Ruby Swirl Star,Gen8/poke_icon_0869_006_fo_n_00000003_f_n.png,869_ruby_swirl_star.png
Alcremie Ruby Swirl Clover,Gen8/poke_icon_0869_006_fo_n_00000004_f_n.png,869_ruby_swirl_clover.png
Alcremie Ruby Swirl Flower,Gen8/poke_icon_0869_006_fo_n_00000005_f_n.png,869_ruby_swirl_flower.png
Alcremie Ruby Swirl Ribbon,Gen8/poke_icon_0869_006_fo_n_00000006_f_n.png,869_ruby_swirl_ribbon.png
Alcremie Caramel Strawberry,Gen8/poke_icon_0869_007_fo_n_00000000_f_n.png,869_caramel_strawberry.png
Alcremie Caramel Berry,Gen8/poke_icon_0869_007_fo_n_00000001_f_n.png,869_caramel_berry.png
Alcremie Caramel Love,Gen8/poke_icon_0869_007_fo_n_00000002_f_n.png,869_caramel_love.png
Alcremie Caramel Star,Gen8/poke_icon_0869_007_fo_n_00000003_f_n.png,869_caramel_star.png
Alcremie Caramel Clover,Gen8/poke_icon_0869_007_fo_n_00000004_f_n.png,869_caramel_clover.png
Alcremie Caramel Flower,Gen8/poke_icon_0869_007_fo_n_00000005_f_n.png,869_caramel_flower.png
Alcremie Caramel Ribbon,Gen8/poke_icon_0869_007_fo_n_00000006_f_n.png,869_caramel_ribbon.png
Alcremie Rainbow Strawberry,Gen8/poke_icon_0869_008_fo_n_00000000_f_n.png,869_rainbow_strawberry.png
Alcremie Rainbow Berry,Gen8/poke_icon_0869_008_fo_n_00000001_f_n.png,869_rainbow_berry.png
Alcremie Rainbow Love,Gen8/poke_icon_0869_008_fo_n_00000002_f_n.png,869_rainbow_love.png
Alcremie Rainbow Star,Gen8/poke_icon_0869_008_fo_n_00000003_f_n.png,869_rainbow_star.png
Alcremie Rainbow Clover,Gen8/poke_icon_0869_008_fo_n_00000004_f_n.png,869_rainbow_clover.png
Alcremie Rainbow Flower,Gen8/poke_icon_0869_008_fo_n_00000005_f_n.png,869_rainbow_flower.png
Alcremie Rainbow Ribbon,Gen8/poke_icon_0869_008_fo_n_00000006_f_n.png,869_rainbow_ribbon.png
Falinks,Gen8/poke_icon_0870_000_uk_n_00000000_f_n.png,870.png
Pincurchin,Gen8/poke_icon_0871_000_mf_n_00000000_f_n.png,871.png
Snom,Gen8/poke_icon_0872_000_mf_n_00000000_f_n.png,872.png
Frosmoth,Gen8/poke_icon_0873_000_mf_n_00000000_f_n.png,873.png
Stonjourner,Gen8/poke_icon_0874_000_mf_n_00000000_f_n.png,874.png
Eiscue,Gen8/poke_icon_0875_000_mf_n_00000000_f_n.png,875.png
Indeedee ♀,Gen8/poke_icon_0876_001_fo_n_00000000_f_n.png,876_female.png
Indeedee ♂,Gen8/poke_icon_0876_000_mo_n_00000000_f_n.png,876_male.png
Morpeko,Gen8/poke_icon_0877_000_mf_n_00000000_f_n.png,877.png
Cufant,Gen8/poke_icon_0878_000_mf_n_00000000_f_n.png,878.png
Copperajah,Gen8/poke_icon_0879_000_mf_n_00000000_f_n.png,879.png
Dracozolt,Gen8/poke_icon_0880_000_uk_n_00000000_f_n.png,880.png
Arctozolt,Gen8/poke_icon_0881_000_uk_n_00000000_f_n.png,881.png
Dracovish,Gen8/poke_icon_0882_000_uk_n_00000000_f_n.png,882.png
Arctovish,Gen8/poke_icon_0883_000_uk_n_00000000_f_n.png,883.png
Duraludon,Gen8/poke_icon_0884_000_mf_n_00000000_f_n.png,884.png
Dreepy,Gen8/poke_icon_0885_000_mf_n_00000000_f_n.png,885.png
Drakloak,Gen8/poke_icon_0886_000_mf_n_00000000_f_n.png,886.png
Dragapult,Gen8/poke_icon_0887_000_mf_n_00000000_f_n.png,887.png
Zacian Hero,Gen8/poke_icon_0888_000_uk_n_00000000_f_n.png,888_hero.png
Zacian Crowned Sword,Gen8/poke_icon_0888_001_uk_n_00000000_f_n.png,888_crowned_sword.png
Zamazanta Hero,Gen8/poke_icon_0889_000_uk_n_00000000_f_n.png,889_hero.png
Zamazanta Crowned Shield,Gen8/poke_icon_0889_001_uk_n_00000000_f_n.png,889_crowned_shield.png
Eternatus,Gen8/poke_icon_0890_000_uk_n_00000000_f_n.png,890.png
Eternatus Eternamax,Gen8/poke_icon_0890_001_uk_n_00000000_f_n.png,890_eternamax.png
Kubfu,Gen8/poke_icon_0891_000_mf_n_00000000_f_n.png,891.png
Urshifu Single Strike,Gen8/poke_icon_0892_000_mf_n_00000000_f_n.png,892_single_strike.png
Urshifu Rapid Strike,Gen8/poke_icon_0892_001_mf_n_00000000_f_n.png,892_rapid_strike.png
Zarude,Gen8/poke_icon_0893_000_uk_n_00000000_f_n.png,893.png
Dada Zarude,Gen8/poke_icon_0893_001_uk_n_00000000_f_n.png,893_zarude.png
Regieleki,Gen8/poke_icon_0894_000_uk_n_00000000_f_n.png,894.png
Regidrago,Gen8/poke_icon_0895_000_uk_n_00000000_f_n.png,895.png
Glastrier,Gen8/poke_icon_0896_000_uk_n_00000000_f_n.png,896.png
Spectrier,Gen8/poke_icon_0897_000_uk_n_00000000_f_n.png,897.png
Calyrex,Gen8/poke_icon_0898_000_uk_n_00000000_f_n.png,898.png
Calyrex Ice Rider,Gen8/poke_icon_0898_001_uk_n_00000000_f_n.png,898_ice_rider.png
Calyrex Shadow Rider,Gen8/poke_icon_0898_002_uk_n_00000000_f_n.png,898_shadow_rider.png
Wyrdeer,Gen8/poke_icon_0899_000_mf_n_00000000_f_n.png,899.png
Kleavor,Gen8/poke_icon_0900_000_mf_n_00000000_f_n.png,900.png
Ursaluna,Gen8/poke_icon_0901_000_mf_n_00000000_f_n.png,901.png
Ursaluna Bloodmoon,Gen8/poke_icon_0901_001_mo_n_00000000_f_n.png,901_bloodmoon.png
Basculegion ♀,Gen8/poke_icon_0902_001_fd_n_00000000_f_n.png,902_female.png
Basculegion ♂,Gen8/poke_icon_0902_000_md_n_00000000_f_n.png,902_male.png
Sneasler,Gen8/poke_icon_0903_000_mf_n_00000000_f_n.png,903.png
Overqwil,Gen8/poke_icon_0904_000_mf_n_00000000_f_n.png,904.png
Enamorus Incarnate,Gen8/poke_icon_0905_000_fd_n_00000000_f_n.png,905_incarnate.png
Enamorus Therian,Gen8/poke_icon_0905_001_fd_n_00000000_f_n.png,905_therian.png
Sprigatito,Gen9/poke_capture_0906_000_mf_n_00000000_f_n.png,906.png
Floragato,Gen9/poke_capture_0907_000_mf_n_00000000_f_n.png,907.png
Meowscarada,Gen9/poke_capture_0908_000_mf_n_00000000_f_n.png,908.png
Fuecoco,Gen9/poke_capture_0909_000_mf_n_00000000_f_n.png,909.png
Crocalor,Gen9/poke_capture_0910_000_mf_n_00000000_f_n.png,910.png
Skeledirge,Gen9/poke_capture_0911_000_mf_n_00000000_f_n.png,911.png
Quaxly,Gen9/poke_capture_0912_000_mf_n_00000000_f_n.png,912.png
Quaxwell,Gen9/poke_capture_0913_000_mf_n_00000000_f_n.png,913.png
Quaquaval,Gen9/poke_capture_0914_000_mf_n_00000000_f_n.png,914.png
Lechonk,Gen9/poke_capture_0915_000_mf_n_00000000_f_n.png,915.png
Oinkologne ♀,Gen9/poke_capture_0916_001_fd_n_00000000_f_n.png,916_female.png
Oinkologne ♂,Gen9/poke_capture_0916_000_md_n_00000000_f_n.png,916_male.png
Tarountula,Gen9/poke_capture_0917_000_mf_n_00000000_f_n.png,917.png
Spidops,Gen9/poke_capture_0918_000_mf_n_00000000_f_n.png,918.png
Nymble,Gen9/poke_capture_0919_000_mf_n_00000000_f_n.png,919.png
Lokix,Gen9/poke_capture_0920_000_mf_n_00000000_f_n.png,920.png
Pawmi,Gen9/poke_capture_0921_000_mf_n_00000000_f_n.png,921.png
Pawmo,Gen9/poke_capture_0922_000_mf_n_00000000_f_n.png,922.png
Pawmot,Gen9/poke_capture_0923_000_mf_n_00000000_f_n.png,923.png
Tandemaus,Gen9/poke_capture_0924_000_uk_n_00000000_f_n.png,924.png
Maushold Three,Gen9/poke_capture_0925_000_uk_n_00000000_f_n.png,925_three.png
Maushold Four,Gen9/poke_capture_0925_001_uk_n_00000000_f_n.png,925_four.png
Fidough,Gen9/poke_capture_0926_000_mf_n_00000000_f_n.png,926.png
Dachsbun,Gen9/poke_capture_0927_000_mf_n_00000000_f_n.png,927.png
Smoliv,Gen9/poke_capture_0928_000_mf_n_00000000_f_n.png,928.png
Dolliv,Gen9/poke_capture_0929_000_mf_n_00000000_f_n.png,929.png
Arboliva,Gen9/poke_capture_0930_000_mf_n_00000000_f_n.png,930.png
Squawkabilly Green,Gen9/poke_capture_0931_000_mf_n_00000000_f_n.png,931_green.png
Squawkabilly Blue,Gen9/poke_capture_0931_001_mf_n_00000000_f_n.png,931_blue.png
Squawkabilly Yellow,Gen9/poke_capture_0931_002_mf_n_00000000_f_n.png,931_yellow.png
Squawkabilly White,Gen9/poke_capture_0931_003_mf_n_00000000_f_n.png,931_white.png
Nacli,Gen9/poke_capture_0932_000_mf_n_00000000_f_n.png,932.png
Naclstack,Gen9/poke_capture_0933_000_mf_n_00000000_f_n.png,933.png
Garganacl,Gen9/poke_capture_0934_000_mf_n_00000000_f_n.png,934.png
Charcadet,Gen9/poke_capture_0935_000_mf_n_00000000_f_n.png,935.png
Armarouge,Gen9/poke_capture_0936_000_mf_n_00000000_f_n.png,936.png
Ceruledge,Gen9/poke_capture_0937_000_mf_n_00000000_f_n.png,937.png
Tadbulb,Gen9/poke_capture_0938_000_mf_n_00000000_f_n.png,938.png
Bellibolt,Gen9/poke_capture_0939_000_mf_n_00000000_f_n.png,939.png
Wattrel,Gen9/poke_capture_0940_000_mf_n_00000000_f_n.png,940.png
Kilowattrel,Gen9/poke_capture_0941_000_mf_n_00000000_f_n.png,941.png
Maschiff,Gen9/poke_capture_0942_000_mf_n_00000000_f_n.png,942.png
Mabosstiff,Gen9/poke_capture_0943_000_mf_n_00000000_f_n.png,943.png
Shroodle,Gen9/poke_capture_0944_000_mf_n_00000000_f_n.png,944.png
Grafaiai,Gen9/poke_capture_0945_000_mf_n_00000000_f_n.png,945.png
Bramblin,Gen9/poke_capture_0946_000_mf_n_00000000_f_n.png,946.png
Brambleghast,Gen9/poke_capture_0947_000_mf_n_00000000_f_n.png,947.png
Toedscool,Gen9/poke_capture_0948_000_mf_n_00000000_f_n.png,948.png
Toedscruel,Gen9/poke_capture_0949_000_mf_n_00000000_f_n.png,949.png
Klawf,Gen9/poke_capture_0950_000_mf_n_00000000_f_n.png,950.png
Capsakid,Gen9/poke_capture_0951_000_mf_n_00000000_f_n.png,951.png
Scovillain,Gen9/poke_capture_0952_000_mf_n_00000000_f_n.png,952.png
Rellor,Gen9/poke_capture_0953_000_mf_n_00000000_f_n.png,953.png
Rabsca,Gen9/poke_capture_0954_000_mf_n_00000000_f_n.png,954.png
Flittle,Gen9/poke_capture_0955_000_mf_n_00000000_f_n.png,955.png
Espathra,Gen9/poke_capture_0956_000_mf_n_00000000_f_n.png,956.png
Tinkatink,Gen9/poke_capture_0957_000_fd_n_00000000_f_n.png,957.png
Tinkatuff,Gen9/poke_capture_0958_000_fd_n_00000000_f_n.png,958.png
Tinkaton,Gen9/poke_capture_0959_000_fd_n_00000000_f_n.png,959.png
Wiglett,Gen9/poke_capture_0960_000_mf_n_00000000_f_n.png,960.png
Wugtrio,Gen9/poke_capture_0961_000_mf_n_00000000_f_n.png,961.png
Bombirdier,Gen9/poke_capture_0962_000_mf_n_00000000_f_n.png,962.png
Finizen,Gen9/poke_capture_0963_000_mf_n_00000000_f_n.png,963.png
Palafin Zero,Gen9/poke_capture_0964_000_mf_n_00000000_f_n.png,964_zero.png
Palafin Hero,Gen9/poke_capture_0964_001_mf_n_00000000_f_n.png,964_hero.png
Varoom,Gen9/poke_capture_0965_000_mf_n_00000000_f_n.png,965.png
Revavroom,Gen9/poke_capture_0966_000_mf_n_00000000_f_n.png,966.png
Cyclizar,Gen9/poke_capture_0967_000_mf_n_00000000_f_n.png,967.png
Orthworm,Gen9/poke_capture_0968_000_mf_n_00000000_f_n.png,968.png
Glimmet,Gen9/poke_capture_0969_000_mf_n_00000000_f_n.png,969.png
Glimmora,Gen9/poke_capture_0970_000_mf_n_00000000_f_n.png,970.png
Greavard,Gen9/poke_capture_0971_000_mf_n_00000000_f_n.png,971.png
Houndstone,Gen9/poke_capture_0972_000_mf_n_00000000_f_n.png,972.png
Flamigo,Gen9/poke_capture_0973_000_mf_n_00000000_f_n.png,973.png
Cetoddle,Gen9/poke_capture_0974_000_mf_n_00000000_f_n.png,974.png
Cetitan,Gen9/poke_capture_0975_000_mf_n_00000000_f_n.png,975.png
Veluza,Gen9/poke_capture_0976_000_mf_n_00000000_f_n.png,976.png
Dondozo,Gen9/poke_capture_0977_000_mf_n_00000000_f_n.png,977.png
Tatsugiri Curly,Gen9/poke_capture_0978_000_mf_n_00000000_f_n.png,978_curly.png
Tatsugiri Droopy,Gen9/poke_capture_0978_001_mf_n_00000000_f_n.png,978_droopy.png
Tatsugiri Stretchy,Gen9/poke_capture_0978_002_mf_n_00000000_f_n.png,978_stretchy.png
Annihilape,Gen9/poke_capture_0979_000_mf_n_00000000_f_n.png,979.png
Clodsire,Gen9/poke_capture_0980_000_mf_n_00000000_f_n.png,980.png
Farigiraf,Gen9/poke_capture_0981_000_mf_n_00000000_f_n.png,981.png
Dudunsparce Two,Gen9/poke_capture_0982_000_mf_n_00000000_f_n.png,982_two.png
Dudunsparce Three,Gen9/poke_capture_0982_001_mf_n_00000000_f_n.png,982_three.png
Kingambit,Gen9/poke_capture_0983_000_mf_n_00000000_f_n.png,983.png
Great Tusk,Gen9/poke_capture_0984_000_uk_n_00000000_f_n.png,984.png
Scream Tail,Gen9/poke_capture_0985_000_uk_n_00000000_f_n.png,985.png
Brute Bonnet,Gen9/poke_capture_0986_000_uk_n_00000000_f_n.png,986.png
Flutter Mane,Gen9/poke_capture_0987_000_uk_n_00000000_f_n.png,987.png
Slither Wing,Gen9/poke_capture_0988_000_uk_n_00000000_f_n.png,988.png
Sandy Shocks,Gen9/poke_capture_0989_000_uk_n_00000000_f_n.png,989.png
Iron Treads,Gen9/poke_capture_0990_000_uk_n_00000000_f_n.png,990.png
Iron Bundle,Gen9/poke_capture_0991_000_uk_n_00000000_f_n.png,991.png
Iron Hands,Gen9/poke_capture_0992_000_uk_n_00000000_f_n.png,992.png
Iron Jugulis,Gen9/poke_capture_0993_000_uk_n_00000000_f_n.png,993.png
Iron Moth,Gen9/poke_capture_0994_000_uk_n_00000000_f_n.png,994.png
Iron Thorns,Gen9/poke_capture_0995_000_uk_n_00000000_f_n.png,995.png
Frigibax,Gen9/poke_capture_0996_000_mf_n_00000000_f_n.png,996.png
Arctibax,Gen9/poke_capture_0997_000_mf_n_00000000_f_n.png,997.png
Baxcalibur,Gen9/poke_capture_0998_000_mf_n_00000000_f_n.png,998.png
Gimmighoul Chest,Gen9/poke_capture_0999_000_uk_n_00000000_f_n.png,999_chest.png
Gimmighoul Roaming,Gen9/poke_capture_0999_001_uk_n_00000000_f_n.png,999_roaming.png
Gholdengo,Gen9/poke_capture_1000_000_uk_n_00000000_f_n.png,1000.png
Wo-Chien,Gen9/poke_capture_1001_000_uk_n_00000000_f_n.png,1001.png
Chien-Pao,Gen9/poke_capture_1002_000_uk_n_00000000_f_n.png,1002.png
Ting-Lu,Gen9/poke_capture_1003_000_uk_n_00000000_f_n.png,1003.png
Chi-Yu,Gen9/poke_capture_1004_000_uk_n_00000000_f_n.png,1004.png
Roaring Moon,Gen9/poke_capture_1005_000_uk_n_00000000_f_n.png,1005.png
Iron Valiant,Gen9/poke_capture_1006_000_uk_n_00000000_f_n.png,1006.png
Koraidon,Gen9/poke_capture_1007_000_uk_n_00000000_f_n.png,1007.png
Miraidon,Gen9/poke_capture_1008_000_uk_n_00000000_f_n.png,1008.png
Walking Wake,Gen9/poke_capture_1009_000_uk_n_00000000_f_n.png,1009.png
Iron Leaves,Gen9/poke_capture_1010_000_uk_n_00000000_f_n.png,1010.png
Dipplin,Gen9/poke_capture_1011_000_mf_n_00000000_f_n.png,1011.png
Poltchageist Counterfeit,Gen9/poke_capture_1012_000_uk_n_00000000_f_n.png,1012_counterfeit.png
Poltchageist Artisan,Gen9/poke_capture_1012_001_uk_n_00000000_f_n.png,1012_artisan.png
Sinistcha Unremarkable,Gen9/poke_capture_1013_000_uk_n_00000000_f_n.png,1013_unremarkable.png
Sinistcha Masterpiece,Gen9/poke_capture_1013_001_uk_n_00000000_f_n.png,1013_masterpiece.png
Okidogi,Gen9/poke_capture_1014_000_mo_n_00000000_f_n.png,1014.png
Munkidori,Gen9/poke_capture_1015_000_mo_n_00000000_f_n.png,1015.png
Fezandipiti,Gen9/poke_capture_1016_000_mo_n_00000000_f_n.png,1016.png
Ogerpon,Gen9/poke_capture_1017_000_fo_n_00000000_f_n.png,1017.png
Ogerpon Wellspring,Gen9/poke_capture_1017_001_fo_n_00000000_f_n.png,1017_wellspring.png
Ogerpon Hearthflame,Gen9/poke_capture_1017_002_fo_n_00000000_f_n.png,1017_hearthflame.png
Ogerpon Cornerstone,Gen9/poke_capture_1017_003_fo_n_00000000_f_n.png,1017_cornerstone.png
